Part,Year,Month,Day,TotalQty
P1001CDM,2022,April,17,1
P1005CDM,2022,April,17,1
P1012CDM,2022,April,17,4
P1015CDM,2022,April,17,2
P1018CDM,2022,April,17,1
P1033CDM,2022,April,17,3
P1037CDM,2022,April,17,1
P1040CDM,2022,April,17,1
P1041CDM,2022,April,17,1
P1044CDM,2022,April,17,7
P1047BCDM,2022,April,17,2
P1053CDM,2022,April,17,1
P1075CDM,2022,April,17,1
P1078CDM,2022,April,17,2
P1083CDM,2022,April,17,3
P1084CDM,2022,April,17,7
P1086CDM,2022,April,17,8
P1088CDM,2022,April,17,1
P1095CDM,2022,April,17,12
P1099CDM,2022,April,17,1
P1103CDM,2022,April,17,1
P1107CDM,2022,April,17,3
P1108CDM,2022,April,17,5
P1111CDM,2022,April,17,2
P1113CDM,2022,April,17,4
P1114CDM,2022,April,17,8
P1123CDM,2022,April,17,1
P1156CDM,2022,April,17,4
P1158CDM,2022,April,17,1
P1159CDM,2022,April,17,1
P1160CDM,2022,April,17,3
P1161CDM,2022,April,17,3
P1169CDM,2022,April,17,2
P1171CDM,2022,April,17,2
P1178CDM,2022,April,17,3
P1184CDM,2022,April,17,3
P1188CDM,2022,April,17,3
P1192CDM,2022,April,17,2
P1210CDM,2022,April,17,9
P1211CDM,2022,April,17,2
P1258CDM,2022,April,17,1
P1259CDM,2022,April,17,1
P1260CDM,2022,April,17,2
P1273CDM,2022,April,17,4
P1293CDM,2022,April,17,1
P1296CDM,2022,April,17,1
P1307CDM,2022,April,17,1
P1324CDM,2022,April,17,1
P1337CDM,2022,April,17,2
P1346CDM,2022,April,17,1
P1347CDM,2022,April,17,1
P1363CDM,2022,April,17,9
P1378CDM,2022,April,17,2
P1379CDM,2022,April,17,1
P1391CDM,2022,April,17,1
P1401CDM,2022,April,17,2
P1402CDM,2022,April,17,3
P1412CDM,2022,April,17,1
P1421CDM,2022,April,17,9
P1422CDM,2022,April,17,1
P1423CDM,2022,April,17,4
P1430CDM,2022,April,17,1
P1454CDM,2022,April,17,1
P1455CDM,2022,April,17,4
P1467CDM,2022,April,17,3
P1468CDM,2022,April,17,3
P1498CDM,2022,April,17,4
P1506CDM,2022,April,17,5
P1508CDM,2022,April,17,3
P1521CDM,2022,April,17,3
P1522CDM,2022,April,17,1
P1539CDM,2022,April,17,6
P1578CDM,2022,April,17,9
P1584CDM,2022,April,17,1
P1585CDM,2022,April,17,2
P1589CDM,2022,April,17,9
P1592CDM,2022,April,17,3
P1596CDM,2022,April,17,8
P1602CDM,2022,April,17,3
P1623CDM,2022,April,17,4
P1624CDM,2022,April,17,2
P1632CDM,2022,April,17,8
P1633CDM,2022,April,17,1
P1646CDM,2022,April,17,2
P1647CDM,2022,April,17,1
P1649CDM,2022,April,17,3
P1650CDM,2022,April,17,3
P1654CDM,2022,April,17,1
P1663CDM,2022,April,17,1
P1679CDM,2022,April,17,2
P1680CDM,2022,April,17,2
P1691CDM,2022,April,17,2
P1694CDM,2022,April,17,2
P1697CDM,2022,April,17,1
P1707CDM,2022,April,17,8
P1719CDM,2022,April,17,4
P1720CDM,2022,April,17,1
P1728CDM,2022,April,17,4
P1729CDM,2022,April,17,1
P1734CDM,2022,April,17,1
P1737CDM,2022,April,17,5
P1744CDM,2022,April,17,1
P1759CDM,2022,April,17,3
P1760CDM,2022,April,17,1
P1761CDM,2022,April,17,1
P1779CDM,2022,April,17,1
P1783CDM,2022,April,17,1
P1790CDM,2022,April,17,1
P1805CDM,2022,April,17,1
P1808CDM,2022,April,17,3
P1815CDM,2022,April,17,8
P1829CDM,2022,April,17,3
P1833CDM,2022,April,17,1
P1843CDM,2022,April,17,1
P1844CDM,2022,April,17,6
P1846CDM,2022,April,17,2
P1847CDM,2022,April,17,2
P1848CDM,2022,April,17,20
P1855CDM,2022,April,17,3
P1857CDM,2022,April,17,5
P1878CDM,2022,April,17,3
P1901CDM,2022,April,17,1
P1912CDM,2022,April,17,2
P1913CDM,2022,April,17,1
P1916CDM,2022,April,17,8
P1954CDM,2022,April,17,2
P1971CDM,2022,April,17,10
P2036CDM,2022,April,17,1
P2037CDM,2022,April,17,1
P2042CDM,2022,April,17,2
P2057CDM,2022,April,17,8
P2074CDM,2022,April,17,1
P2087CDM,2022,April,17,5
P2089CDM,2022,April,17,1
P2094CDM,2022,April,17,2
P2117CDM,2022,April,17,1
P2136CDM,2022,April,17,1
P2169CDM,2022,April,17,1
P2170CDM,2022,April,17,1
P2179CDM,2022,April,17,1
P2190CDM,2022,April,17,2
P2270CDM,2022,April,17,1
P323CDM,2022,April,17,1
P340CDM,2022,April,17,7
P369CDM,2022,April,17,1
P383CDM,2022,April,17,1
P536CDM,2022,April,17,13
P598CDM,2022,April,17,3
P606CDM,2022,April,17,2
P683CDM,2022,April,17,1
P687CDM,2022,April,17,1
P699CDM,2022,April,17,1
P702CDM,2022,April,17,3
P707CDM,2022,April,17,1
P721CDM,2022,April,17,1
P749CDM,2022,April,17,1
P750CDM,2022,April,17,1
P768CDM,2022,April,17,1
P770CDM,2022,April,17,1
P781CDM,2022,April,17,1
P784CDM,2022,April,17,1
P785CDM,2022,April,17,1
P791CDM,2022,April,17,1
P792CDM,2022,April,17,1
P813CDM,2022,April,17,2
P815CDM,2022,April,17,8
P817CDM,2022,April,17,1
P822CDM,2022,April,17,1
P828CDM,2022,April,17,2
P829CDM,2022,April,17,2
P837CDM,2022,April,17,1
P838CDM,2022,April,17,1
P841CDM,2022,April,17,2
P855CDM,2022,April,17,1
P856CDM,2022,April,17,1
P868CDM,2022,April,17,3
P881CDM,2022,April,17,1
P882CDM,2022,April,17,2
P883CDM,2022,April,17,4
P885CDM,2022,April,17,1
P893CDM,2022,April,17,1
P898CDM,2022,April,17,7
P905CDM,2022,April,17,15
P906CDM,2022,April,17,1
P908CDM,2022,April,17,1
P913CDM,2022,April,17,2
P914CDM,2022,April,17,7
P918CDM,2022,April,17,1
P922CDM,2022,April,17,1
P923CDM,2022,April,17,4
P941CDM,2022,April,17,2
P945CDM,2022,April,17,1
P965CDM,2022,April,17,3
P976CDM,2022,April,17,2
P981CDM,2022,April,17,4
P999CDM,2022,April,17,2
P1001CDM,2022,April,16,1
P1037CDM,2022,April,16,3
P1040CDM,2022,April,16,1
P1041CDM,2022,April,16,2
P1044CDM,2022,April,16,5
P1047BCDM,2022,April,16,4
P1053CDM,2022,April,16,1
P1061CDM,2022,April,16,1
P1074CDM,2022,April,16,1
P1078CDM,2022,April,16,1
P1080CDM,2022,April,16,2
P1084CDM,2022,April,16,10
P1086CDM,2022,April,16,4
P1094CDM,2022,April,16,1
P1095CDM,2022,April,16,9
P1099CDM,2022,April,16,1
P1107CDM,2022,April,16,3
P1108CDM,2022,April,16,3
P1111CDM,2022,April,16,1
P1114CDM,2022,April,16,9
P1122CDM,2022,April,16,1
P1123CDM,2022,April,16,1
P1156CDM,2022,April,16,4
P1161CDM,2022,April,16,2
P1169CDM,2022,April,16,4
P1171CDM,2022,April,16,2
P1184CDM,2022,April,16,3
P1192CDM,2022,April,16,1
P1210CDM,2022,April,16,11
P1211CDM,2022,April,16,3
P1258CDM,2022,April,16,3
P1259CDM,2022,April,16,2
P1264CDM,2022,April,16,1
P1273CDM,2022,April,16,8
P1274CDM,2022,April,16,3
P1275CDM,2022,April,16,4
P1293CDM,2022,April,16,1
P1301CDM,2022,April,16,1
P1302CDM,2022,April,16,1
P1304CDM,2022,April,16,1
P1308CDM,2022,April,16,1
P1309CDM,2022,April,16,1
P1345CDM,2022,April,16,1
P1363CDM,2022,April,16,6
P1375CDM,2022,April,16,1
P1378CDM,2022,April,16,1
P1391CDM,2022,April,16,1
P1400CDM,2022,April,16,1
P1401CDM,2022,April,16,1
P1421CDM,2022,April,16,3
P1423CDM,2022,April,16,10
P1444CDM,2022,April,16,3
P1451CDM,2022,April,16,3
P1454CDM,2022,April,16,2
P1455CDM,2022,April,16,1
P1456CDM,2022,April,16,1
P1467CDM,2022,April,16,2
P1468CDM,2022,April,16,3
P1498CDM,2022,April,16,2
P1506CDM,2022,April,16,4
P1521CDM,2022,April,16,4
P1522CDM,2022,April,16,3
P1539CDM,2022,April,16,11
P1540CDM,2022,April,16,1
P1561CDM,2022,April,16,1
P1565CDM,2022,April,16,1
P1578CDM,2022,April,16,8
P1585CDM,2022,April,16,1
P1589CDM,2022,April,16,5
P1592CDM,2022,April,16,1
P1596CDM,2022,April,16,2
P1602CDM,2022,April,16,5
P1613CDM,2022,April,16,1
P1623CDM,2022,April,16,2
P1624CDM,2022,April,16,3
P1632CDM,2022,April,16,7
P1649CDM,2022,April,16,2
P1650CDM,2022,April,16,2
P1654CDM,2022,April,16,2
P1668CDM,2022,April,16,3
P1679CDM,2022,April,16,3
P1680CDM,2022,April,16,2
P1691CDM,2022,April,16,2
P1697CDM,2022,April,16,2
P1707CDM,2022,April,16,4
P1719CDM,2022,April,16,6
P1728CDM,2022,April,16,1
P1734CDM,2022,April,16,3
P1736CDM,2022,April,16,1
P1737CDM,2022,April,16,7
P1759CDM,2022,April,16,2
P1790CDM,2022,April,16,1
P1802CDM,2022,April,16,1
P1808CDM,2022,April,16,1
P1811CDM,2022,April,16,2
P1815CDM,2022,April,16,8
P1827CDM,2022,April,16,1
P1829CDM,2022,April,16,6
P1833CDM,2022,April,16,6
P1844CDM,2022,April,16,1
P1846CDM,2022,April,16,2
P1847CDM,2022,April,16,1
P1848CDM,2022,April,16,32
P1855CDM,2022,April,16,5
P1857CDM,2022,April,16,7
P1878CDM,2022,April,16,1
P1886CDM,2022,April,16,1
P1912CDM,2022,April,16,2
P1913CDM,2022,April,16,4
P1916CDM,2022,April,16,10
P1917CDM,2022,April,16,2
P1971CDM,2022,April,16,19
P2042CDM,2022,April,16,1
P2045CDM,2022,April,16,1
P2057CDM,2022,April,16,5
P2076CDM,2022,April,16,1
P2087CDM,2022,April,16,5
P2094CDM,2022,April,16,5
P2188CDM,2022,April,16,1
P2190CDM,2022,April,16,1
P2198CDM,2022,April,16,3
P2199CDM,2022,April,16,2
P323CDM,2022,April,16,1
P325CDM,2022,April,16,1
P340CDM,2022,April,16,9
P374CDM,2022,April,16,1
P383CDM,2022,April,16,4
P503CDM,2022,April,16,2
P529CDM,2022,April,16,1
P536CDM,2022,April,16,19
P598CDM,2022,April,16,1
P627CDM,2022,April,16,1
P667BCDM,2022,April,16,1
P672CDM,2022,April,16,1
P699CDM,2022,April,16,2
P702CDM,2022,April,16,1
P711CDM,2022,April,16,1
P721CDM,2022,April,16,1
P768CDM,2022,April,16,3
P770CDM,2022,April,16,1
P785CDM,2022,April,16,1
P792CDM,2022,April,16,1
P804CDM,2022,April,16,1
P815CDM,2022,April,16,3
P820CDM,2022,April,16,1
P822CDM,2022,April,16,1
P841CDM,2022,April,16,1
P857CDM,2022,April,16,2
P858CDM,2022,April,16,2
P864CDM,2022,April,16,1
P865CDM,2022,April,16,1
P882CDM,2022,April,16,2
P883CDM,2022,April,16,5
P884CDM,2022,April,16,1
P885CDM,2022,April,16,1
P888CDM,2022,April,16,1
P893CDM,2022,April,16,1
P898CDM,2022,April,16,10
P905CDM,2022,April,16,12
P906CDM,2022,April,16,3
P913CDM,2022,April,16,2
P914CDM,2022,April,16,8
P923CDM,2022,April,16,5
P937CDM,2022,April,16,1
P948CDM,2022,April,16,1
P954CDM,2022,April,16,3
P956CDM,2022,April,16,1
P976CDM,2022,April,16,1
P980CDM,2022,April,16,2
P995CDM,2022,April,16,1
P996CDM,2022,April,16,1
P997CDM,2022,April,16,1
P998CDM,2022,April,16,1
P999CDM,2022,April,16,2
P1001CDM,2022,April,15,2
P1012CDM,2022,April,15,1
P1018CDM,2022,April,15,2
P1033CDM,2022,April,15,3
P1037CDM,2022,April,15,1
P1040CDM,2022,April,15,1
P1041CDM,2022,April,15,2
P1044CDM,2022,April,15,11
P1061CDM,2022,April,15,2
P1074CDM,2022,April,15,1
P1075CDM,2022,April,15,4
P1078CDM,2022,April,15,1
P1080CDM,2022,April,15,1
P1084CDM,2022,April,15,12
P1086CDM,2022,April,15,6
P1088CDM,2022,April,15,4
P1093CDM,2022,April,15,1
P1094CDM,2022,April,15,1
P1095CDM,2022,April,15,14
P1100CDM,2022,April,15,1
P1103CDM,2022,April,15,1
P1107CDM,2022,April,15,5
P1108CDM,2022,April,15,3
P1113CDM,2022,April,15,1
P1114CDM,2022,April,15,7
P1118CDM,2022,April,15,1
P1124CDM,2022,April,15,1
P1156CDM,2022,April,15,4
P1159CDM,2022,April,15,1
P1160CDM,2022,April,15,4
P1161CDM,2022,April,15,4
P1169CDM,2022,April,15,4
P1171CDM,2022,April,15,6
P1184CDM,2022,April,15,4
P1192CDM,2022,April,15,4
P1210CDM,2022,April,15,10
P1211CDM,2022,April,15,1
P1258CDM,2022,April,15,2
P1259CDM,2022,April,15,1
P1260CDM,2022,April,15,2
P1273CDM,2022,April,15,10
P1274CDM,2022,April,15,3
P1275CDM,2022,April,15,3
P1293CDM,2022,April,15,3
P1294CDM,2022,April,15,1
P1296CDM,2022,April,15,2
P1302CDM,2022,April,15,1
P1303CDM,2022,April,15,1
P1306CDM,2022,April,15,1
P1307CDM,2022,April,15,1
P1322CDM,2022,April,15,2
P1337CDM,2022,April,15,1
P1339CDM,2022,April,15,1
P1341CDM,2022,April,15,1
P1342CDM,2022,April,15,1
P1347CDM,2022,April,15,1
P1363CDM,2022,April,15,4
P1374CDM,2022,April,15,1
P1391CDM,2022,April,15,1
P1394CDM,2022,April,15,1
P1401CDM,2022,April,15,1
P1402CDM,2022,April,15,2
P1421CDM,2022,April,15,4
P1423CDM,2022,April,15,3
P1430CDM,2022,April,15,1
P1454CDM,2022,April,15,4
P1456CDM,2022,April,15,1
P1463CDM,2022,April,15,1
P1465CDM,2022,April,15,1
P1467CDM,2022,April,15,1
P1468CDM,2022,April,15,2
P1498CDM,2022,April,15,3
P1506CDM,2022,April,15,2
P1508CDM,2022,April,15,1
P1509CDM,2022,April,15,1
P1521CDM,2022,April,15,8
P1522CDM,2022,April,15,2
P1539CDM,2022,April,15,7
P1561CDM,2022,April,15,1
P1578CDM,2022,April,15,9
P1584CDM,2022,April,15,2
P1589CDM,2022,April,15,4
P1596CDM,2022,April,15,2
P1602CDM,2022,April,15,7
P1611CDM,2022,April,15,1
P1623CDM,2022,April,15,3
P1624CDM,2022,April,15,1
P1632CDM,2022,April,15,9
P1649CDM,2022,April,15,1
P1653CDM,2022,April,15,1
P1654CDM,2022,April,15,2
P1668CDM,2022,April,15,2
P1679CDM,2022,April,15,2
P1680CDM,2022,April,15,1
P1691CDM,2022,April,15,1
P1707CDM,2022,April,15,5
P1711CDM,2022,April,15,1
P1719CDM,2022,April,15,11
P1728CDM,2022,April,15,1
P1729CDM,2022,April,15,1
P1734CDM,2022,April,15,7
P1736CDM,2022,April,15,2
P1737CDM,2022,April,15,7
P1744CDM,2022,April,15,1
P1759CDM,2022,April,15,1
P1760CDM,2022,April,15,3
P1761CDM,2022,April,15,1
P1779CDM,2022,April,15,1
P1790CDM,2022,April,15,1
P1793CDM,2022,April,15,1
P1800CDM,2022,April,15,1
P1801CDM,2022,April,15,1
P1802CDM,2022,April,15,1
P1806CDM,2022,April,15,2
P1808CDM,2022,April,15,1
P1811CDM,2022,April,15,1
P1814CDM,2022,April,15,1
P1815CDM,2022,April,15,8
P1829CDM,2022,April,15,6
P1833CDM,2022,April,15,4
P1839CDM,2022,April,15,1
P1841CDM,2022,April,15,1
P1843CDM,2022,April,15,3
P1844CDM,2022,April,15,6
P1847CDM,2022,April,15,2
P1848CDM,2022,April,15,26
P1852CDM,2022,April,15,1
P1855CDM,2022,April,15,7
P1857CDM,2022,April,15,7
P1878CDM,2022,April,15,6
P1901CDM,2022,April,15,1
P1912CDM,2022,April,15,5
P1913CDM,2022,April,15,3
P1916CDM,2022,April,15,9
P1917CDM,2022,April,15,2
P1971CDM,2022,April,15,13
P2038CDM,2022,April,15,2
P2045CDM,2022,April,15,1
P2057CDM,2022,April,15,7
P2087CDM,2022,April,15,7
P2094CDM,2022,April,15,5
P2188CDM,2022,April,15,1
P2219CDM,2022,April,15,1
P323CDM,2022,April,15,1
P340CDM,2022,April,15,9
P477CDM,2022,April,15,1
P503CDM,2022,April,15,1
P536CDM,2022,April,15,11
P606CDM,2022,April,15,1
P627CDM,2022,April,15,1
P666CDM,2022,April,15,1
P679CDM,2022,April,15,1
P681CDM,2022,April,15,1
P683CDM,2022,April,15,3
P723CDM,2022,April,15,2
P730CDM,2022,April,15,1
P758CDM,2022,April,15,1
P763CDM,2022,April,15,1
P768CDM,2022,April,15,3
P779CDM,2022,April,15,1
P781CDM,2022,April,15,1
P782CDM,2022,April,15,1
P785CDM,2022,April,15,1
P791CDM,2022,April,15,1
P792CDM,2022,April,15,1
P793CDM,2022,April,15,1
P794CDM,2022,April,15,1
P795CDM,2022,April,15,1
P803CDM,2022,April,15,1
P804CDM,2022,April,15,1
P815CDM,2022,April,15,5
P822CDM,2022,April,15,4
P823CDM,2022,April,15,1
P828CDM,2022,April,15,1
P841CDM,2022,April,15,1
P853CDM,2022,April,15,1
P855CDM,2022,April,15,1
P856CDM,2022,April,15,1
P857CDM,2022,April,15,1
P858CDM,2022,April,15,1
P862CDM,2022,April,15,1
P864CDM,2022,April,15,1
P865CDM,2022,April,15,2
P868CDM,2022,April,15,3
P883CDM,2022,April,15,5
P884CDM,2022,April,15,1
P885CDM,2022,April,15,1
P886CDM,2022,April,15,1
P898CDM,2022,April,15,9
P905CDM,2022,April,15,20
P906CDM,2022,April,15,1
P908CDM,2022,April,15,1
P913CDM,2022,April,15,4
P914CDM,2022,April,15,9
P923CDM,2022,April,15,3
P931CDM,2022,April,15,1
P945CDM,2022,April,15,1
P946CDM,2022,April,15,2
P954CDM,2022,April,15,2
P961CDM,2022,April,15,1
P969CDM,2022,April,15,2
P976CDM,2022,April,15,1
P981CDM,2022,April,15,2
P995CDM,2022,April,15,1
P999CDM,2022,April,15,1
P1001CDM,2022,April,14,2
P1008CDM,2022,April,14,1
P1012CDM,2022,April,14,1
P1033CDM,2022,April,14,3
P1037CDM,2022,April,14,3
P1039CDM,2022,April,14,1
P1041CDM,2022,April,14,2
P1044CDM,2022,April,14,1
P1047BCDM,2022,April,14,1
P1047SCDM,2022,April,14,1
P1053CDM,2022,April,14,1
P1058CDM,2022,April,14,1
P1070CDM,2022,April,14,1
P1071CDM,2022,April,14,1
P1075CDM,2022,April,14,1
P1078CDM,2022,April,14,4
P1080CDM,2022,April,14,2
P1083CDM,2022,April,14,2
P1084CDM,2022,April,14,14
P1086CDM,2022,April,14,5
P1093CDM,2022,April,14,1
P1095CDM,2022,April,14,8
P1103CDM,2022,April,14,3
P1107CDM,2022,April,14,6
P1108CDM,2022,April,14,2
P1111CDM,2022,April,14,1
P1113CDM,2022,April,14,2
P1114CDM,2022,April,14,9
P1122CDM,2022,April,14,1
P1123CDM,2022,April,14,1
P1124CDM,2022,April,14,1
P1156CDM,2022,April,14,2
P1159CDM,2022,April,14,1
P1160CDM,2022,April,14,2
P1161CDM,2022,April,14,1
P1169CDM,2022,April,14,1
P1171CDM,2022,April,14,2
P1184CDM,2022,April,14,2
P1188CDM,2022,April,14,1
P1192CDM,2022,April,14,1
P1210CDM,2022,April,14,6
P1211CDM,2022,April,14,7
P1258CDM,2022,April,14,5
P1259CDM,2022,April,14,1
P1260CDM,2022,April,14,3
P1264CDM,2022,April,14,1
P1273CDM,2022,April,14,5
P1274CDM,2022,April,14,1
P1275CDM,2022,April,14,3
P1293CDM,2022,April,14,2
P1302CDM,2022,April,14,1
P1303CDM,2022,April,14,2
P1304CDM,2022,April,14,3
P1306CDM,2022,April,14,2
P1324CDM,2022,April,14,3
P1337CDM,2022,April,14,1
P1339CDM,2022,April,14,1
P1340CDM,2022,April,14,1
P1341CDM,2022,April,14,3
P1342CDM,2022,April,14,1
P1357CDM,2022,April,14,1
P1358CDM,2022,April,14,1
P1363CDM,2022,April,14,7
P1375CDM,2022,April,14,3
P1378CDM,2022,April,14,4
P1391CDM,2022,April,14,2
P1401CDM,2022,April,14,1
P1402CDM,2022,April,14,1
P1404CDM,2022,April,14,1
P1421CDM,2022,April,14,7
P1423CDM,2022,April,14,6
P1430CDM,2022,April,14,2
P1444CDM,2022,April,14,1
P1451CDM,2022,April,14,4
P1454CDM,2022,April,14,3
P1455CDM,2022,April,14,2
P1456CDM,2022,April,14,3
P1463CDM,2022,April,14,1
P1465CDM,2022,April,14,1
P1468CDM,2022,April,14,1
P1498CDM,2022,April,14,1
P1506CDM,2022,April,14,8
P1508CDM,2022,April,14,2
P1521CDM,2022,April,14,5
P1539CDM,2022,April,14,10
P1554CDM,2022,April,14,1
P1578CDM,2022,April,14,11
P1584CDM,2022,April,14,1
P1585CDM,2022,April,14,4
P1589CDM,2022,April,14,11
P1596CDM,2022,April,14,5
P1602CDM,2022,April,14,2
P1611CDM,2022,April,14,2
P1613CDM,2022,April,14,1
P1623CDM,2022,April,14,8
P1624CDM,2022,April,14,2
P1629CDM,2022,April,14,1
P1632CDM,2022,April,14,9
P1633CDM,2022,April,14,1
P1647CDM,2022,April,14,1
P1649CDM,2022,April,14,5
P1654CDM,2022,April,14,1
P1668CDM,2022,April,14,3
P1679CDM,2022,April,14,4
P1680CDM,2022,April,14,2
P1691CDM,2022,April,14,1
P1697CDM,2022,April,14,2
P1707CDM,2022,April,14,7
P1711CDM,2022,April,14,2
P1719CDM,2022,April,14,12
P1721CDM,2022,April,14,2
P1728CDM,2022,April,14,2
P1729CDM,2022,April,14,1
P1733CDM,2022,April,14,1
P1734CDM,2022,April,14,2
P1737CDM,2022,April,14,8
P1759CDM,2022,April,14,4
P1760CDM,2022,April,14,1
P1761CDM,2022,April,14,2
P1779CDM,2022,April,14,1
P1790CDM,2022,April,14,2
P1805CDM,2022,April,14,2
P1806CDM,2022,April,14,1
P1808CDM,2022,April,14,2
P1815CDM,2022,April,14,14
P1818BCDM,2022,April,14,1
P1818SCDM,2022,April,14,1
P1827CDM,2022,April,14,1
P1829CDM,2022,April,14,5
P1833CDM,2022,April,14,7
P1839CDM,2022,April,14,1
P1843CDM,2022,April,14,1
P1844CDM,2022,April,14,4
P1846CDM,2022,April,14,4
P1847CDM,2022,April,14,4
P1848CDM,2022,April,14,30
P1855CDM,2022,April,14,4
P1857CDM,2022,April,14,5
P1864CDM,2022,April,14,2
P1878CDM,2022,April,14,4
P1912CDM,2022,April,14,1
P1913CDM,2022,April,14,2
P1916CDM,2022,April,14,10
P1917CDM,2022,April,14,2
P1971CDM,2022,April,14,18
P2036CDM,2022,April,14,1
P2037CDM,2022,April,14,1
P2042CDM,2022,April,14,2
P2057CDM,2022,April,14,7
P2065CDM,2022,April,14,1
P2087CDM,2022,April,14,5
P2094CDM,2022,April,14,3
P2208CDM,2022,April,14,1
P2216CDM,2022,April,14,1
P323CDM,2022,April,14,1
P340CDM,2022,April,14,8
P383CDM,2022,April,14,3
P451CDM,2022,April,14,1
P461CDM,2022,April,14,1
P503CDM,2022,April,14,2
P536CDM,2022,April,14,13
P598CDM,2022,April,14,1
P606CDM,2022,April,14,1
P610CDM,2022,April,14,1
P617CDM,2022,April,14,1
P619CDM,2022,April,14,1
P627CDM,2022,April,14,1
P635CDM,2022,April,14,1
P636CDM,2022,April,14,1
P647CDM,2022,April,14,1
P674BCDM,2022,April,14,1
P687CDM,2022,April,14,2
P699CDM,2022,April,14,2
P700CDM,2022,April,14,2
P702CDM,2022,April,14,2
P741CDM,2022,April,14,1
P748CDM,2022,April,14,1
P763CDM,2022,April,14,1
P768CDM,2022,April,14,2
P781CDM,2022,April,14,1
P784CDM,2022,April,14,1
P785CDM,2022,April,14,5
P792CDM,2022,April,14,2
P804CDM,2022,April,14,3
P815CDM,2022,April,14,10
P823CDM,2022,April,14,1
P828CDM,2022,April,14,1
P829CDM,2022,April,14,1
P843CDM,2022,April,14,1
P857CDM,2022,April,14,1
P858CDM,2022,April,14,1
P864CDM,2022,April,14,1
P865CDM,2022,April,14,2
P868CDM,2022,April,14,2
P871CDM,2022,April,14,1
P875CDM,2022,April,14,1
P881CDM,2022,April,14,1
P883CDM,2022,April,14,2
P884CDM,2022,April,14,1
P885CDM,2022,April,14,1
P888CDM,2022,April,14,1
P892CDM,2022,April,14,1
P893CDM,2022,April,14,2
P898CDM,2022,April,14,10
P905CDM,2022,April,14,23
P906CDM,2022,April,14,3
P908CDM,2022,April,14,1
P913CDM,2022,April,14,3
P914CDM,2022,April,14,5
P923CDM,2022,April,14,1
P934CDM,2022,April,14,1
P935CDM,2022,April,14,1
P941CDM,2022,April,14,1
P954CDM,2022,April,14,1
P956CDM,2022,April,14,1
P962CDM,2022,April,14,1
P963CDM,2022,April,14,1
P975CDM,2022,April,14,1
P976CDM,2022,April,14,2
P986CDM,2022,April,14,1
P995CDM,2022,April,14,2
P999CDM,2022,April,14,1
P1001CDM,2022,April,13,1
P1004CDM,2022,April,13,3
P1033CDM,2022,April,13,3
P1037CDM,2022,April,13,3
P1041CDM,2022,April,13,2
P1042CDM,2022,April,13,1
P1044CDM,2022,April,13,8
P1047BCDM,2022,April,13,2
P1056CDM,2022,April,13,2
P1057CDM,2022,April,13,2
P1060CDM,2022,April,13,1
P1078CDM,2022,April,13,1
P1080CDM,2022,April,13,1
P1083CDM,2022,April,13,2
P1084CDM,2022,April,13,12
P1086CDM,2022,April,13,1
P1088CDM,2022,April,13,2
P1095CDM,2022,April,13,15
P1103CDM,2022,April,13,3
P1107CDM,2022,April,13,2
P1108CDM,2022,April,13,3
P1111CDM,2022,April,13,2
P1113CDM,2022,April,13,2
P1114CDM,2022,April,13,5
P1118CDM,2022,April,13,1
P1129CDM,2022,April,13,1
P1156CDM,2022,April,13,3
P1158CDM,2022,April,13,1
P1159CDM,2022,April,13,1
P1160CDM,2022,April,13,2
P1161CDM,2022,April,13,4
P1171CDM,2022,April,13,2
P1178CDM,2022,April,13,2
P1184CDM,2022,April,13,4
P1192CDM,2022,April,13,4
P1204CDM,2022,April,13,1
P1210CDM,2022,April,13,19
P1211CDM,2022,April,13,5
P1258CDM,2022,April,13,4
P1259CDM,2022,April,13,2
P1260CDM,2022,April,13,1
P1273CDM,2022,April,13,13
P1274CDM,2022,April,13,1
P1275CDM,2022,April,13,4
P1293CDM,2022,April,13,4
P1294CDM,2022,April,13,2
P1296CDM,2022,April,13,1
P1302CDM,2022,April,13,4
P1303CDM,2022,April,13,3
P1304CDM,2022,April,13,5
P1308CDM,2022,April,13,2
P1309CDM,2022,April,13,2
P1322CDM,2022,April,13,2
P1324CDM,2022,April,13,3
P1325CDM,2022,April,13,1
P1339CDM,2022,April,13,3
P1340CDM,2022,April,13,1
P1341CDM,2022,April,13,2
P1361CDM,2022,April,13,1
P1362CDM,2022,April,13,1
P1363CDM,2022,April,13,3
P1378CDM,2022,April,13,2
P1391CDM,2022,April,13,5
P1399CDM,2022,April,13,1
P1400CDM,2022,April,13,1
P1401CDM,2022,April,13,1
P1402CDM,2022,April,13,1
P1406CDM,2022,April,13,1
P1421CDM,2022,April,13,7
P1423CDM,2022,April,13,15
P1430CDM,2022,April,13,1
P1444CDM,2022,April,13,1
P1451CDM,2022,April,13,1
P1453CDM,2022,April,13,1
P1454CDM,2022,April,13,1
P1467CDM,2022,April,13,2
P1468CDM,2022,April,13,1
P1490CDM,2022,April,13,1
P1498CDM,2022,April,13,1
P1506CDM,2022,April,13,2
P1508CDM,2022,April,13,3
P1509CDM,2022,April,13,1
P1521CDM,2022,April,13,3
P1539CDM,2022,April,13,9
P1540CDM,2022,April,13,1
P1554CDM,2022,April,13,1
P1561CDM,2022,April,13,2
P1578CDM,2022,April,13,10
P1584CDM,2022,April,13,3
P1585CDM,2022,April,13,3
P1589CDM,2022,April,13,6
P1592CDM,2022,April,13,2
P1596CDM,2022,April,13,5
P1602CDM,2022,April,13,4
P1613CDM,2022,April,13,2
P1623CDM,2022,April,13,13
P1632CDM,2022,April,13,11
P1646CDM,2022,April,13,1
P1647CDM,2022,April,13,3
P1650CDM,2022,April,13,2
P1653CDM,2022,April,13,2
P1654CDM,2022,April,13,1
P1668CDM,2022,April,13,3
P1679CDM,2022,April,13,2
P1680CDM,2022,April,13,1
P1691CDM,2022,April,13,1
P1694CDM,2022,April,13,1
P1697CDM,2022,April,13,1
P1707CDM,2022,April,13,2
P1711CDM,2022,April,13,3
P1719CDM,2022,April,13,12
P1720CDM,2022,April,13,2
P1728CDM,2022,April,13,4
P1729CDM,2022,April,13,2
P1734CDM,2022,April,13,5
P1736CDM,2022,April,13,1
P1737CDM,2022,April,13,11
P1744CDM,2022,April,13,1
P1759CDM,2022,April,13,1
P1760CDM,2022,April,13,3
P1761CDM,2022,April,13,1
P1779CDM,2022,April,13,2
P1783CDM,2022,April,13,1
P1790CDM,2022,April,13,3
P1791CDM,2022,April,13,1
P1793CDM,2022,April,13,1
P1802CDM,2022,April,13,1
P1805CDM,2022,April,13,2
P1806CDM,2022,April,13,2
P1814CDM,2022,April,13,3
P1815CDM,2022,April,13,12
P1829CDM,2022,April,13,8
P1833CDM,2022,April,13,5
P1843CDM,2022,April,13,2
P1844CDM,2022,April,13,5
P1846CDM,2022,April,13,3
P1848CDM,2022,April,13,21
P1855CDM,2022,April,13,6
P1857CDM,2022,April,13,6
P1878CDM,2022,April,13,5
P1894CDM,2022,April,13,1
P1895CDM,2022,April,13,1
P1896CDM,2022,April,13,1
P1897CDM,2022,April,13,1
P1898CDM,2022,April,13,1
P1912CDM,2022,April,13,2
P1913CDM,2022,April,13,5
P1916CDM,2022,April,13,13
P1917CDM,2022,April,13,3
P1921CDM,2022,April,13,1
P1954CDM,2022,April,13,3
P1971CDM,2022,April,13,13
P2032CDM,2022,April,13,1
P2042CDM,2022,April,13,3
P2057CDM,2022,April,13,9
P2076CDM,2022,April,13,2
P2087CDM,2022,April,13,8
P2089CDM,2022,April,13,1
P2094CDM,2022,April,13,7
P2136CDM,2022,April,13,1
P2168CDM,2022,April,13,1
P2169CDM,2022,April,13,1
P2179CDM,2022,April,13,1
P2198CDM,2022,April,13,1
P340CDM,2022,April,13,7
P374CDM,2022,April,13,1
P383CDM,2022,April,13,1
P477CDM,2022,April,13,2
P536CDM,2022,April,13,16
P598CDM,2022,April,13,1
P606CDM,2022,April,13,2
P666CDM,2022,April,13,1
P683CDM,2022,April,13,2
P687CDM,2022,April,13,2
P702CDM,2022,April,13,1
P749CDM,2022,April,13,1
P750CDM,2022,April,13,1
P768CDM,2022,April,13,5
P785CDM,2022,April,13,2
P791CDM,2022,April,13,1
P792CDM,2022,April,13,1
P813CDM,2022,April,13,1
P815CDM,2022,April,13,12
P822CDM,2022,April,13,2
P828CDM,2022,April,13,1
P862CDM,2022,April,13,1
P865CDM,2022,April,13,2
P868CDM,2022,April,13,3
P881CDM,2022,April,13,1
P882CDM,2022,April,13,1
P883CDM,2022,April,13,2
P886CDM,2022,April,13,1
P888CDM,2022,April,13,2
P898CDM,2022,April,13,18
P905CDM,2022,April,13,22
P913CDM,2022,April,13,2
P914CDM,2022,April,13,16
P918CDM,2022,April,13,2
P923CDM,2022,April,13,1
P939CDM,2022,April,13,2
P945CDM,2022,April,13,1
P946CDM,2022,April,13,2
P965CDM,2022,April,13,1
P974CDM,2022,April,13,1
P976CDM,2022,April,13,4
P981CDM,2022,April,13,1
P999CDM,2022,April,13,1
P1001CDM,2022,April,12,2
P1004CDM,2022,April,12,1
P1012CDM,2022,April,12,1
P1018CDM,2022,April,12,1
P1033CDM,2022,April,12,3
P1037CDM,2022,April,12,3
P1040CDM,2022,April,12,8
P1041CDM,2022,April,12,1
P1042CDM,2022,April,12,1
P1044CDM,2022,April,12,12
P1047BCDM,2022,April,12,1
P1051CDM,2022,April,12,1
P1056CDM,2022,April,12,1
P1057CDM,2022,April,12,2
P1058CDM,2022,April,12,2
P1060CDM,2022,April,12,1
P1070CDM,2022,April,12,2
P1071CDM,2022,April,12,2
P1074CDM,2022,April,12,1
P1075CDM,2022,April,12,2
P1078CDM,2022,April,12,1
P1080CDM,2022,April,12,1
P1081CDM,2022,April,12,2
P1083CDM,2022,April,12,2
P1084CDM,2022,April,12,10
P1086CDM,2022,April,12,8
P1088CDM,2022,April,12,4
P1094CDM,2022,April,12,3
P1095CDM,2022,April,12,14
P1100CDM,2022,April,12,2
P1105CDM,2022,April,12,1
P1107CDM,2022,April,12,5
P1108CDM,2022,April,12,3
P1111CDM,2022,April,12,1
P1113CDM,2022,April,12,2
P1114CDM,2022,April,12,16
P1122CDM,2022,April,12,1
P1123CDM,2022,April,12,1
P1124CDM,2022,April,12,1
P1156CDM,2022,April,12,2
P1160CDM,2022,April,12,2
P1161CDM,2022,April,12,2
P1169CDM,2022,April,12,3
P1178CDM,2022,April,12,1
P1184CDM,2022,April,12,6
P1188CDM,2022,April,12,1
P1192CDM,2022,April,12,1
P1210CDM,2022,April,12,10
P1211CDM,2022,April,12,3
P1258CDM,2022,April,12,5
P1259CDM,2022,April,12,1
P1273CDM,2022,April,12,7
P1274CDM,2022,April,12,2
P1275CDM,2022,April,12,2
P1293CDM,2022,April,12,2
P1296CDM,2022,April,12,2
P1302CDM,2022,April,12,2
P1303CDM,2022,April,12,2
P1304CDM,2022,April,12,2
P1306CDM,2022,April,12,1
P1307CDM,2022,April,12,1
P1322CDM,2022,April,12,1
P1324CDM,2022,April,12,1
P1332CDM,2022,April,12,1
P1337CDM,2022,April,12,2
P1339CDM,2022,April,12,1
P1341CDM,2022,April,12,1
P1351CDM,2022,April,12,1
P1352CDM,2022,April,12,1
P1363CDM,2022,April,12,10
P1375CDM,2022,April,12,2
P1378CDM,2022,April,12,2
P1384CDM,2022,April,12,1
P1391CDM,2022,April,12,3
P1401CDM,2022,April,12,1
P1402CDM,2022,April,12,5
P1404CDM,2022,April,12,1
P1421CDM,2022,April,12,10
P1423CDM,2022,April,12,4
P1430CDM,2022,April,12,2
P1444CDM,2022,April,12,2
P1451CDM,2022,April,12,3
P1454CDM,2022,April,12,4
P1455CDM,2022,April,12,1
P1456CDM,2022,April,12,2
P1467CDM,2022,April,12,3
P1468CDM,2022,April,12,3
P1473CDM,2022,April,12,1
P1498CDM,2022,April,12,1
P1506CDM,2022,April,12,4
P1508CDM,2022,April,12,3
P1509CDM,2022,April,12,1
P1510CDM,2022,April,12,1
P1521CDM,2022,April,12,7
P1522CDM,2022,April,12,2
P1539CDM,2022,April,12,11
P1561CDM,2022,April,12,3
P1562CDM,2022,April,12,2
P1578CDM,2022,April,12,11
P1585CDM,2022,April,12,2
P1589CDM,2022,April,12,4
P1592CDM,2022,April,12,4
P1596CDM,2022,April,12,6
P1602CDM,2022,April,12,6
P1611CDM,2022,April,12,1
P1613CDM,2022,April,12,3
P1623CDM,2022,April,12,7
P1624CDM,2022,April,12,1
P1632CDM,2022,April,12,8
P1647CDM,2022,April,12,1
P1649CDM,2022,April,12,3
P1650CDM,2022,April,12,3
P1653CDM,2022,April,12,1
P1654CDM,2022,April,12,2
P1663CDM,2022,April,12,1
P1668CDM,2022,April,12,3
P1679CDM,2022,April,12,2
P1680CDM,2022,April,12,2
P1691CDM,2022,April,12,2
P1697CDM,2022,April,12,1
P1707CDM,2022,April,12,7
P1719CDM,2022,April,12,7
P1728CDM,2022,April,12,2
P1729CDM,2022,April,12,2
P1731CDM,2022,April,12,1
P1734CDM,2022,April,12,4
P1737CDM,2022,April,12,7
P1759CDM,2022,April,12,1
P1761CDM,2022,April,12,2
P1762CDM,2022,April,12,1
P1779CDM,2022,April,12,1
P1790CDM,2022,April,12,2
P1799CDM,2022,April,12,1
P1802CDM,2022,April,12,2
P1806CDM,2022,April,12,2
P1808CDM,2022,April,12,1
P1811CDM,2022,April,12,1
P1814CDM,2022,April,12,1
P1815CDM,2022,April,12,17
P1818BCDM,2022,April,12,1
P1829CDM,2022,April,12,8
P1833CDM,2022,April,12,5
P1843CDM,2022,April,12,3
P1844CDM,2022,April,12,2
P1846CDM,2022,April,12,4
P1847CDM,2022,April,12,1
P1848CDM,2022,April,12,28
P1855CDM,2022,April,12,6
P1857CDM,2022,April,12,5
P1878CDM,2022,April,12,7
P1886CDM,2022,April,12,1
P1896CDM,2022,April,12,1
P1901CDM,2022,April,12,1
P1912CDM,2022,April,12,3
P1913CDM,2022,April,12,1
P1914CDM,2022,April,12,1
P1916CDM,2022,April,12,17
P1917CDM,2022,April,12,2
P1954CDM,2022,April,12,1
P1965CDM,2022,April,12,1
P1971CDM,2022,April,12,15
P2036CDM,2022,April,12,1
P2037CDM,2022,April,12,1
P2045CDM,2022,April,12,3
P2057CDM,2022,April,12,7
P2074CDM,2022,April,12,2
P2076CDM,2022,April,12,1
P2087CDM,2022,April,12,10
P2094CDM,2022,April,12,4
P2100CDM,2022,April,12,2
P2225CDM,2022,April,12,4
P340CDM,2022,April,12,6
P383CDM,2022,April,12,3
P412CDM,2022,April,12,1
P436CDM,2022,April,12,1
P440CDM,2022,April,12,1
P503CDM,2022,April,12,2
P536CDM,2022,April,12,24
P540CDM,2022,April,12,1
P606CDM,2022,April,12,1
P627CDM,2022,April,12,2
P683CDM,2022,April,12,1
P687CDM,2022,April,12,2
P699CDM,2022,April,12,3
P707CDM,2022,April,12,1
P726CDM,2022,April,12,2
P729CDM,2022,April,12,2
P749CDM,2022,April,12,1
P763CDM,2022,April,12,1
P768CDM,2022,April,12,3
P784CDM,2022,April,12,2
P785CDM,2022,April,12,2
P792CDM,2022,April,12,1
P794CDM,2022,April,12,1
P795CDM,2022,April,12,1
P804CDM,2022,April,12,2
P813CDM,2022,April,12,2
P815CDM,2022,April,12,5
P823CDM,2022,April,12,1
P828CDM,2022,April,12,2
P829CDM,2022,April,12,1
P830CDM,2022,April,12,1
P835CDM,2022,April,12,1
P843CDM,2022,April,12,1
P853CDM,2022,April,12,1
P855CDM,2022,April,12,2
P856CDM,2022,April,12,2
P858CDM,2022,April,12,1
P865CDM,2022,April,12,2
P868CDM,2022,April,12,1
P876CDM,2022,April,12,1
P881CDM,2022,April,12,1
P883CDM,2022,April,12,3
P888CDM,2022,April,12,2
P898CDM,2022,April,12,10
P905CDM,2022,April,12,21
P906CDM,2022,April,12,1
P908CDM,2022,April,12,1
P913CDM,2022,April,12,3
P914CDM,2022,April,12,10
P923CDM,2022,April,12,6
P931CDM,2022,April,12,1
P939CDM,2022,April,12,1
P945CDM,2022,April,12,1
P954CDM,2022,April,12,1
P976CDM,2022,April,12,1
P981CDM,2022,April,12,1
P986CDM,2022,April,12,1
P1001CDM,2022,April,11,2
P1005CDM,2022,April,11,1
P1008CDM,2022,April,11,1
P1009CDM,2022,April,11,1
P1012CDM,2022,April,11,5
P1018CDM,2022,April,11,2
P1033CDM,2022,April,11,3
P1037CDM,2022,April,11,6
P1041CDM,2022,April,11,1
P1044CDM,2022,April,11,15
P1047BCDM,2022,April,11,4
P1056CDM,2022,April,11,5
P1057CDM,2022,April,11,4
P1058CDM,2022,April,11,1
P1060CDM,2022,April,11,2
P1078CDM,2022,April,11,1
P1080CDM,2022,April,11,1
P1083CDM,2022,April,11,1
P1084CDM,2022,April,11,11
P1086CDM,2022,April,11,7
P1088CDM,2022,April,11,2
P1094CDM,2022,April,11,3
P1095CDM,2022,April,11,14
P1100CDM,2022,April,11,2
P1103CDM,2022,April,11,3
P1107CDM,2022,April,11,4
P1108CDM,2022,April,11,1
P1113CDM,2022,April,11,4
P1114CDM,2022,April,11,7
P1123CDM,2022,April,11,1
P1124CDM,2022,April,11,2
P1156CDM,2022,April,11,3
P1159CDM,2022,April,11,3
P1160CDM,2022,April,11,4
P1161CDM,2022,April,11,4
P1169CDM,2022,April,11,3
P1171CDM,2022,April,11,3
P1178CDM,2022,April,11,3
P1184CDM,2022,April,11,4
P1188CDM,2022,April,11,1
P1192CDM,2022,April,11,5
P1204CDM,2022,April,11,1
P1210CDM,2022,April,11,16
P1211CDM,2022,April,11,4
P1258CDM,2022,April,11,2
P1260CDM,2022,April,11,1
P1264CDM,2022,April,11,2
P1273CDM,2022,April,11,11
P1274CDM,2022,April,11,3
P1275CDM,2022,April,11,7
P1279CDM,2022,April,11,1
P1293CDM,2022,April,11,2
P1296CDM,2022,April,11,1
P1303CDM,2022,April,11,1
P1316CDM,2022,April,11,1
P1322CDM,2022,April,11,3
P1324CDM,2022,April,11,7
P1325CDM,2022,April,11,1
P1332CDM,2022,April,11,1
P1337CDM,2022,April,11,3
P1339CDM,2022,April,11,1
P1341CDM,2022,April,11,1
P1342CDM,2022,April,11,2
P1345CDM,2022,April,11,1
P1346CDM,2022,April,11,1
P1347CDM,2022,April,11,2
P1363CDM,2022,April,11,12
P1368CDM,2022,April,11,1
P1374CDM,2022,April,11,1
P1378CDM,2022,April,11,3
P1391CDM,2022,April,11,8
P1399CDM,2022,April,11,2
P1400CDM,2022,April,11,2
P1401CDM,2022,April,11,1
P1402CDM,2022,April,11,1
P1404CDM,2022,April,11,1
P1406CDM,2022,April,11,1
P1421CDM,2022,April,11,10
P1422CDM,2022,April,11,1
P1423CDM,2022,April,11,12
P1430CDM,2022,April,11,1
P1444CDM,2022,April,11,2
P1447CDM,2022,April,11,1
P1451CDM,2022,April,11,3
P1454CDM,2022,April,11,5
P1455CDM,2022,April,11,2
P1467CDM,2022,April,11,1
P1468CDM,2022,April,11,3
P1498CDM,2022,April,11,2
P1506CDM,2022,April,11,3
P1508CDM,2022,April,11,3
P1521CDM,2022,April,11,4
P1522CDM,2022,April,11,3
P1539CDM,2022,April,11,11
P1554CDM,2022,April,11,1
P1561CDM,2022,April,11,1
P1578CDM,2022,April,11,10
P1584CDM,2022,April,11,3
P1585CDM,2022,April,11,3
P1589CDM,2022,April,11,10
P1592CDM,2022,April,11,1
P1596CDM,2022,April,11,9
P1602CDM,2022,April,11,8
P1609CDM,2022,April,11,1
P1610CDM,2022,April,11,1
P1613CDM,2022,April,11,1
P1623CDM,2022,April,11,5
P1624CDM,2022,April,11,2
P1632CDM,2022,April,11,8
P1646CDM,2022,April,11,1
P1647CDM,2022,April,11,1
P1649CDM,2022,April,11,3
P1650CDM,2022,April,11,4
P1653CDM,2022,April,11,2
P1654CDM,2022,April,11,5
P1668CDM,2022,April,11,3
P1679CDM,2022,April,11,6
P1680CDM,2022,April,11,3
P1691CDM,2022,April,11,3
P1694CDM,2022,April,11,1
P1697CDM,2022,April,11,1
P1707CDM,2022,April,11,12
P1719CDM,2022,April,11,14
P1720CDM,2022,April,11,1
P1728CDM,2022,April,11,2
P1729CDM,2022,April,11,2
P1733CDM,2022,April,11,1
P1734CDM,2022,April,11,2
P1736CDM,2022,April,11,1
P1737CDM,2022,April,11,9
P1744CDM,2022,April,11,1
P1759CDM,2022,April,11,7
P1760CDM,2022,April,11,2
P1783CDM,2022,April,11,3
P1790CDM,2022,April,11,4
P1802CDM,2022,April,11,1
P1805CDM,2022,April,11,2
P1806CDM,2022,April,11,3
P1815CDM,2022,April,11,11
P1829CDM,2022,April,11,6
P1833CDM,2022,April,11,11
P1839CDM,2022,April,11,1
P1844CDM,2022,April,11,10
P1846CDM,2022,April,11,2
P1847CDM,2022,April,11,5
P1848CDM,2022,April,11,48
P1852CDM,2022,April,11,1
P1855CDM,2022,April,11,5
P1857CDM,2022,April,11,13
P1878CDM,2022,April,11,6
P1886CDM,2022,April,11,2
P1901CDM,2022,April,11,1
P1912CDM,2022,April,11,6
P1913CDM,2022,April,11,3
P1916CDM,2022,April,11,17
P1921CDM,2022,April,11,1
P1954CDM,2022,April,11,1
P1971CDM,2022,April,11,24
P2042CDM,2022,April,11,1
P2057CDM,2022,April,11,7
P2076CDM,2022,April,11,2
P2087CDM,2022,April,11,15
P2094CDM,2022,April,11,7
P2135CDM,2022,April,11,1
P2178CDM,2022,April,11,1
P2189CDM,2022,April,11,1
P2198CDM,2022,April,11,1
P2199CDM,2022,April,11,1
P2218CDM,2022,April,11,1
P2219CDM,2022,April,11,1
P325CDM,2022,April,11,1
P340CDM,2022,April,11,8
P412CDM,2022,April,11,1
P477CDM,2022,April,11,2
P503CDM,2022,April,11,1
P536CDM,2022,April,11,18
P606CDM,2022,April,11,2
P610CDM,2022,April,11,1
P627CDM,2022,April,11,2
P635CDM,2022,April,11,1
P636CDM,2022,April,11,1
P666CDM,2022,April,11,1
P667BCDM,2022,April,11,1
P679CDM,2022,April,11,1
P683CDM,2022,April,11,2
P687CDM,2022,April,11,1
P700CDM,2022,April,11,1
P707CDM,2022,April,11,1
P711CDM,2022,April,11,1
P723CDM,2022,April,11,1
P726CDM,2022,April,11,1
P729CDM,2022,April,11,1
P749CDM,2022,April,11,2
P763CDM,2022,April,11,1
P768CDM,2022,April,11,4
P781CDM,2022,April,11,1
P793CDM,2022,April,11,1
P804CDM,2022,April,11,2
P813CDM,2022,April,11,3
P815CDM,2022,April,11,13
P828CDM,2022,April,11,2
P835CDM,2022,April,11,1
P843CDM,2022,April,11,1
P856CDM,2022,April,11,3
P865CDM,2022,April,11,1
P867CDM,2022,April,11,1
P868CDM,2022,April,11,1
P881CDM,2022,April,11,1
P883CDM,2022,April,11,2
P884CDM,2022,April,11,1
P886CDM,2022,April,11,1
P888CDM,2022,April,11,2
P898CDM,2022,April,11,11
P905CDM,2022,April,11,26
P906CDM,2022,April,11,1
P913CDM,2022,April,11,2
P914CDM,2022,April,11,13
P918CDM,2022,April,11,1
P921CDM,2022,April,11,1
P922CDM,2022,April,11,2
P923CDM,2022,April,11,5
P934CDM,2022,April,11,1
P935CDM,2022,April,11,1
P939CDM,2022,April,11,2
P946CDM,2022,April,11,2
P961CDM,2022,April,11,2
P976CDM,2022,April,11,2
P981CDM,2022,April,11,2
P986CDM,2022,April,11,1
P995CDM,2022,April,11,1
P996CDM,2022,April,11,3
P999CDM,2022,April,11,4
P1008CDM,2022,April,10,1
P1009CDM,2022,April,10,1
P1012CDM,2022,April,10,1
P1018CDM,2022,April,10,1
P1033CDM,2022,April,10,2
P1037CDM,2022,April,10,7
P1039CDM,2022,April,10,1
P1040CDM,2022,April,10,1
P1044CDM,2022,April,10,11
P1047BCDM,2022,April,10,3
P1051CDM,2022,April,10,1
P1055CDM,2022,April,10,1
P1056CDM,2022,April,10,2
P1057CDM,2022,April,10,4
P1058CDM,2022,April,10,2
P1061CDM,2022,April,10,1
P1075CDM,2022,April,10,1
P1078CDM,2022,April,10,2
P1080CDM,2022,April,10,1
P1083CDM,2022,April,10,1
P1084CDM,2022,April,10,7
P1086CDM,2022,April,10,3
P1088CDM,2022,April,10,6
P1091CDM,2022,April,10,1
P1093CDM,2022,April,10,1
P1094CDM,2022,April,10,1
P1095CDM,2022,April,10,13
P1103CDM,2022,April,10,1
P1107CDM,2022,April,10,6
P1108CDM,2022,April,10,7
P1111CDM,2022,April,10,2
P1113CDM,2022,April,10,2
P1114CDM,2022,April,10,10
P1118CDM,2022,April,10,1
P1122CDM,2022,April,10,1
P1123CDM,2022,April,10,1
P1124CDM,2022,April,10,1
P1156CDM,2022,April,10,3
P1159CDM,2022,April,10,1
P1160CDM,2022,April,10,3
P1161CDM,2022,April,10,5
P1169CDM,2022,April,10,2
P1178CDM,2022,April,10,2
P1184CDM,2022,April,10,3
P1188CDM,2022,April,10,1
P1192CDM,2022,April,10,5
P1210CDM,2022,April,10,9
P1211CDM,2022,April,10,1
P1258CDM,2022,April,10,2
P1259CDM,2022,April,10,2
P1264CDM,2022,April,10,1
P1273CDM,2022,April,10,7
P1274CDM,2022,April,10,1
P1275CDM,2022,April,10,1
P1293CDM,2022,April,10,5
P1301CDM,2022,April,10,1
P1304CDM,2022,April,10,1
P1308CDM,2022,April,10,1
P1322CDM,2022,April,10,1
P1324CDM,2022,April,10,3
P1325CDM,2022,April,10,1
P1337CDM,2022,April,10,2
P1339CDM,2022,April,10,1
P1341CDM,2022,April,10,1
P1351CDM,2022,April,10,1
P1352CDM,2022,April,10,1
P1363CDM,2022,April,10,5
P1375CDM,2022,April,10,1
P1391CDM,2022,April,10,1
P1394CDM,2022,April,10,1
P1401CDM,2022,April,10,3
P1402CDM,2022,April,10,3
P1421CDM,2022,April,10,10
P1422CDM,2022,April,10,2
P1423CDM,2022,April,10,4
P1430CDM,2022,April,10,5
P1451CDM,2022,April,10,5
P1454CDM,2022,April,10,1
P1455CDM,2022,April,10,5
P1456CDM,2022,April,10,1
P1467CDM,2022,April,10,2
P1468CDM,2022,April,10,2
P1498CDM,2022,April,10,4
P1506CDM,2022,April,10,6
P1508CDM,2022,April,10,5
P1521CDM,2022,April,10,10
P1522CDM,2022,April,10,1
P1539CDM,2022,April,10,5
P1578CDM,2022,April,10,1
P1584CDM,2022,April,10,2
P1585CDM,2022,April,10,3
P1589CDM,2022,April,10,8
P1592CDM,2022,April,10,2
P1596CDM,2022,April,10,7
P1602CDM,2022,April,10,8
P1623CDM,2022,April,10,4
P1624CDM,2022,April,10,3
P1632CDM,2022,April,10,14
P1649CDM,2022,April,10,2
P1650CDM,2022,April,10,3
P1654CDM,2022,April,10,2
P1668CDM,2022,April,10,5
P1679CDM,2022,April,10,4
P1680CDM,2022,April,10,1
P1691CDM,2022,April,10,1
P1697CDM,2022,April,10,1
P1707CDM,2022,April,10,2
P1719CDM,2022,April,10,11
P1721CDM,2022,April,10,1
P1722CDM,2022,April,10,1
P1728CDM,2022,April,10,2
P1729CDM,2022,April,10,1
P1731CDM,2022,April,10,1
P1737CDM,2022,April,10,3
P1759CDM,2022,April,10,4
P1760CDM,2022,April,10,1
P1761CDM,2022,April,10,1
P1779CDM,2022,April,10,1
P1790CDM,2022,April,10,3
P1794CDM,2022,April,10,1
P1800CDM,2022,April,10,1
P1801CDM,2022,April,10,1
P1802CDM,2022,April,10,2
P1805CDM,2022,April,10,2
P1806CDM,2022,April,10,2
P1808CDM,2022,April,10,1
P1815CDM,2022,April,10,12
P1818BCDM,2022,April,10,1
P1829CDM,2022,April,10,2
P1833CDM,2022,April,10,11
P1843CDM,2022,April,10,1
P1844CDM,2022,April,10,6
P1846CDM,2022,April,10,4
P1847CDM,2022,April,10,1
P1848CDM,2022,April,10,17
P1852CDM,2022,April,10,1
P1855CDM,2022,April,10,3
P1857CDM,2022,April,10,12
P1878CDM,2022,April,10,3
P1886CDM,2022,April,10,1
P1912CDM,2022,April,10,2
P1913CDM,2022,April,10,4
P1916CDM,2022,April,10,13
P1917CDM,2022,April,10,5
P1971CDM,2022,April,10,12
P2045CDM,2022,April,10,2
P2057CDM,2022,April,10,9
P2076CDM,2022,April,10,4
P2087CDM,2022,April,10,9
P2094CDM,2022,April,10,6
P2173CDM,2022,April,10,1
P2188CDM,2022,April,10,2
P2190CDM,2022,April,10,1
P340CDM,2022,April,10,5
P459CDM,2022,April,10,1
P477CDM,2022,April,10,1
P503CDM,2022,April,10,2
P536CDM,2022,April,10,14
P540CDM,2022,April,10,1
P598CDM,2022,April,10,1
P606CDM,2022,April,10,1
P627CDM,2022,April,10,2
P648CDM,2022,April,10,1
P665CDM,2022,April,10,1
P667BCDM,2022,April,10,1
P681CDM,2022,April,10,1
P683CDM,2022,April,10,1
P700CDM,2022,April,10,2
P702CDM,2022,April,10,1
P748CDM,2022,April,10,1
P749CDM,2022,April,10,1
P750CDM,2022,April,10,1
P763CDM,2022,April,10,1
P768CDM,2022,April,10,2
P779CDM,2022,April,10,1
P781CDM,2022,April,10,1
P785CDM,2022,April,10,2
P793CDM,2022,April,10,2
P795CDM,2022,April,10,1
P804CDM,2022,April,10,1
P813CDM,2022,April,10,2
P815CDM,2022,April,10,3
P828CDM,2022,April,10,2
P855CDM,2022,April,10,1
P857CDM,2022,April,10,1
P858CDM,2022,April,10,1
P862CDM,2022,April,10,1
P865CDM,2022,April,10,4
P868CDM,2022,April,10,2
P872CDM,2022,April,10,2
P876CDM,2022,April,10,1
P883CDM,2022,April,10,4
P884CDM,2022,April,10,1
P892CDM,2022,April,10,1
P898CDM,2022,April,10,8
P905CDM,2022,April,10,12
P906CDM,2022,April,10,3
P908CDM,2022,April,10,1
P913CDM,2022,April,10,1
P914CDM,2022,April,10,9
P923CDM,2022,April,10,1
P931CDM,2022,April,10,1
P952CDM,2022,April,10,1
P953CDM,2022,April,10,1
P954CDM,2022,April,10,3
P956CDM,2022,April,10,1
P960CDM,2022,April,10,1
P961CDM,2022,April,10,1
P965CDM,2022,April,10,1
P975CDM,2022,April,10,2
P976CDM,2022,April,10,1
P995CDM,2022,April,10,2
P1012CDM,2022,April,9,1
P1018CDM,2022,April,9,1
P1033CDM,2022,April,9,2
P1035CDM,2022,April,9,2
P1037CDM,2022,April,9,4
P1042CDM,2022,April,9,1
P1044CDM,2022,April,9,6
P1047BCDM,2022,April,9,4
P1056CDM,2022,April,9,2
P1057CDM,2022,April,9,3
P1058CDM,2022,April,9,1
P1071CDM,2022,April,9,1
P1078CDM,2022,April,9,2
P1084CDM,2022,April,9,16
P1086CDM,2022,April,9,6
P1088CDM,2022,April,9,1
P1094CDM,2022,April,9,4
P1095CDM,2022,April,9,9
P1100CDM,2022,April,9,2
P1107CDM,2022,April,9,6
P1108CDM,2022,April,9,2
P1111CDM,2022,April,9,1
P1114CDM,2022,April,9,6
P1129CDM,2022,April,9,1
P1156CDM,2022,April,9,6
P1158CDM,2022,April,9,1
P1159CDM,2022,April,9,1
P1160CDM,2022,April,9,3
P1161CDM,2022,April,9,3
P1169CDM,2022,April,9,3
P1184CDM,2022,April,9,1
P1188CDM,2022,April,9,1
P1192CDM,2022,April,9,2
P1210CDM,2022,April,9,11
P1211CDM,2022,April,9,2
P1258CDM,2022,April,9,5
P1259CDM,2022,April,9,4
P1273CDM,2022,April,9,6
P1274CDM,2022,April,9,1
P1275CDM,2022,April,9,3
P1287CDM,2022,April,9,1
P1293CDM,2022,April,9,3
P1296CDM,2022,April,9,1
P1303CDM,2022,April,9,1
P1304CDM,2022,April,9,1
P1306CDM,2022,April,9,1
P1322CDM,2022,April,9,1
P1324CDM,2022,April,9,4
P1337CDM,2022,April,9,2
P1339CDM,2022,April,9,1
P1346CDM,2022,April,9,1
P1347CDM,2022,April,9,1
P1363CDM,2022,April,9,6
P1378CDM,2022,April,9,2
P1391CDM,2022,April,9,4
P1399CDM,2022,April,9,1
P1400CDM,2022,April,9,1
P1401CDM,2022,April,9,1
P1421CDM,2022,April,9,8
P1422CDM,2022,April,9,1
P1423CDM,2022,April,9,7
P1430CDM,2022,April,9,1
P1451CDM,2022,April,9,2
P1453CDM,2022,April,9,1
P1454CDM,2022,April,9,2
P1455CDM,2022,April,9,3
P1456CDM,2022,April,9,1
P1463CDM,2022,April,9,1
P1465CDM,2022,April,9,1
P1467CDM,2022,April,9,1
P1468CDM,2022,April,9,2
P1490CDM,2022,April,9,1
P1498CDM,2022,April,9,2
P1506CDM,2022,April,9,6
P1508CDM,2022,April,9,3
P1521CDM,2022,April,9,8
P1522CDM,2022,April,9,1
P1539CDM,2022,April,9,2
P1540CDM,2022,April,9,1
P1561CDM,2022,April,9,2
P1578CDM,2022,April,9,5
P1585CDM,2022,April,9,2
P1589CDM,2022,April,9,4
P1592CDM,2022,April,9,2
P1596CDM,2022,April,9,3
P1602CDM,2022,April,9,3
P1613CDM,2022,April,9,2
P1623CDM,2022,April,9,3
P1624CDM,2022,April,9,1
P1632CDM,2022,April,9,9
P1633CDM,2022,April,9,1
P1649CDM,2022,April,9,1
P1650CDM,2022,April,9,2
P1653CDM,2022,April,9,1
P1654CDM,2022,April,9,3
P1668CDM,2022,April,9,3
P1679CDM,2022,April,9,1
P1680CDM,2022,April,9,2
P1691CDM,2022,April,9,2
P1697CDM,2022,April,9,1
P1707CDM,2022,April,9,4
P1711CDM,2022,April,9,2
P1719CDM,2022,April,9,10
P1720CDM,2022,April,9,1
P1728CDM,2022,April,9,2
P1734CDM,2022,April,9,4
P1736CDM,2022,April,9,1
P1737CDM,2022,April,9,8
P1744CDM,2022,April,9,1
P1760CDM,2022,April,9,2
P1779CDM,2022,April,9,2
P1790CDM,2022,April,9,1
P1799CDM,2022,April,9,1
P1805CDM,2022,April,9,1
P1806CDM,2022,April,9,1
P1808CDM,2022,April,9,1
P1815CDM,2022,April,9,11
P1818BCDM,2022,April,9,1
P1827CDM,2022,April,9,1
P1829CDM,2022,April,9,8
P1833CDM,2022,April,9,9
P1841CDM,2022,April,9,1
P1843CDM,2022,April,9,2
P1844CDM,2022,April,9,5
P1846CDM,2022,April,9,3
P1847CDM,2022,April,9,1
P1848CDM,2022,April,9,25
P1855CDM,2022,April,9,5
P1857CDM,2022,April,9,9
P1874CDM,2022,April,9,1
P1878CDM,2022,April,9,5
P1886CDM,2022,April,9,1
P1901CDM,2022,April,9,1
P1912CDM,2022,April,9,6
P1913CDM,2022,April,9,4
P1914CDM,2022,April,9,1
P1916CDM,2022,April,9,14
P1917CDM,2022,April,9,2
P1971CDM,2022,April,9,10
P2045CDM,2022,April,9,1
P2057CDM,2022,April,9,9
P2074CDM,2022,April,9,1
P2076CDM,2022,April,9,1
P2087CDM,2022,April,9,5
P2094CDM,2022,April,9,5
P2100CDM,2022,April,9,1
P2198CDM,2022,April,9,1
P2199CDM,2022,April,9,2
P340CDM,2022,April,9,6
P383CDM,2022,April,9,2
P503CDM,2022,April,9,1
P536CDM,2022,April,9,25
P627CDM,2022,April,9,1
P642CDM,2022,April,9,1
P700CDM,2022,April,9,1
P702CDM,2022,April,9,5
P768CDM,2022,April,9,1
P779CDM,2022,April,9,1
P781CDM,2022,April,9,1
P785CDM,2022,April,9,1
P792CDM,2022,April,9,1
P793CDM,2022,April,9,1
P794CDM,2022,April,9,1
P795CDM,2022,April,9,1
P804CDM,2022,April,9,1
P813CDM,2022,April,9,1
P815CDM,2022,April,9,2
P819CDM,2022,April,9,1
P822CDM,2022,April,9,3
P855CDM,2022,April,9,1
P856CDM,2022,April,9,1
P868CDM,2022,April,9,4
P872CDM,2022,April,9,1
P883CDM,2022,April,9,3
P888CDM,2022,April,9,3
P898CDM,2022,April,9,19
P905CDM,2022,April,9,23
P906CDM,2022,April,9,1
P914CDM,2022,April,9,12
P923CDM,2022,April,9,4
P981CDM,2022,April,9,3
P995CDM,2022,April,9,1
P999CDM,2022,April,9,1
P1001CDM,2022,April,8,1
P1005CDM,2022,April,8,1
P1008CDM,2022,April,8,2
P1009CDM,2022,April,8,1
P1018CDM,2022,April,8,3
P1033CDM,2022,April,8,1
P1035CDM,2022,April,8,2
P1037CDM,2022,April,8,4
P1040CDM,2022,April,8,1
P1041CDM,2022,April,8,1
P1044CDM,2022,April,8,5
P1047BCDM,2022,April,8,2
P1053CDM,2022,April,8,1
P1056CDM,2022,April,8,1
P1057CDM,2022,April,8,1
P1075CDM,2022,April,8,1
P1080CDM,2022,April,8,1
P1081CDM,2022,April,8,1
P1084CDM,2022,April,8,8
P1086CDM,2022,April,8,3
P1088CDM,2022,April,8,2
P1094CDM,2022,April,8,2
P1095CDM,2022,April,8,8
P1100CDM,2022,April,8,2
P1103CDM,2022,April,8,1
P1107CDM,2022,April,8,5
P1108CDM,2022,April,8,2
P1114CDM,2022,April,8,4
P1156CDM,2022,April,8,3
P1159CDM,2022,April,8,2
P1160CDM,2022,April,8,3
P1161CDM,2022,April,8,4
P1169CDM,2022,April,8,3
P1171CDM,2022,April,8,1
P1192CDM,2022,April,8,4
P1210CDM,2022,April,8,7
P1211CDM,2022,April,8,1
P1258CDM,2022,April,8,3
P1260CDM,2022,April,8,1
P1264CDM,2022,April,8,2
P1273CDM,2022,April,8,11
P1274CDM,2022,April,8,1
P1275CDM,2022,April,8,5
P1293CDM,2022,April,8,3
P1303CDM,2022,April,8,1
P1304CDM,2022,April,8,1
P1308CDM,2022,April,8,1
P1322CDM,2022,April,8,1
P1324CDM,2022,April,8,6
P1325CDM,2022,April,8,1
P1339CDM,2022,April,8,2
P1361CDM,2022,April,8,1
P1363CDM,2022,April,8,5
P1375CDM,2022,April,8,1
P1378CDM,2022,April,8,3
P1391CDM,2022,April,8,5
P1400CDM,2022,April,8,2
P1401CDM,2022,April,8,1
P1402CDM,2022,April,8,1
P1421CDM,2022,April,8,8
P1423CDM,2022,April,8,4
P1430CDM,2022,April,8,2
P1444CDM,2022,April,8,1
P1451CDM,2022,April,8,1
P1454CDM,2022,April,8,2
P1455CDM,2022,April,8,1
P1468CDM,2022,April,8,1
P1498CDM,2022,April,8,2
P1506CDM,2022,April,8,4
P1508CDM,2022,April,8,1
P1509CDM,2022,April,8,1
P1521CDM,2022,April,8,8
P1522CDM,2022,April,8,1
P1539CDM,2022,April,8,4
P1562CDM,2022,April,8,1
P1578CDM,2022,April,8,7
P1584CDM,2022,April,8,1
P1585CDM,2022,April,8,6
P1589CDM,2022,April,8,3
P1592CDM,2022,April,8,1
P1596CDM,2022,April,8,4
P1602CDM,2022,April,8,3
P1623CDM,2022,April,8,6
P1624CDM,2022,April,8,1
P1632CDM,2022,April,8,4
P1647CDM,2022,April,8,1
P1649CDM,2022,April,8,5
P1650CDM,2022,April,8,3
P1653CDM,2022,April,8,1
P1654CDM,2022,April,8,1
P1663CDM,2022,April,8,2
P1668CDM,2022,April,8,2
P1679CDM,2022,April,8,3
P1680CDM,2022,April,8,1
P1691CDM,2022,April,8,1
P1707CDM,2022,April,8,6
P1711CDM,2022,April,8,3
P1719CDM,2022,April,8,10
P1720CDM,2022,April,8,1
P1728CDM,2022,April,8,1
P1729CDM,2022,April,8,1
P1734CDM,2022,April,8,5
P1737CDM,2022,April,8,10
P1744CDM,2022,April,8,1
P1759CDM,2022,April,8,3
P1760CDM,2022,April,8,3
P1761CDM,2022,April,8,2
P1779CDM,2022,April,8,1
P1783CDM,2022,April,8,1
P1790CDM,2022,April,8,3
P1799CDM,2022,April,8,1
P1802CDM,2022,April,8,1
P1805CDM,2022,April,8,2
P1806CDM,2022,April,8,2
P1811CDM,2022,April,8,1
P1815CDM,2022,April,8,12
P1818BCDM,2022,April,8,1
P1827CDM,2022,April,8,1
P1829CDM,2022,April,8,3
P1833CDM,2022,April,8,7
P1841CDM,2022,April,8,1
P1843CDM,2022,April,8,5
P1844CDM,2022,April,8,6
P1846CDM,2022,April,8,2
P1847CDM,2022,April,8,1
P1848CDM,2022,April,8,31
P1855CDM,2022,April,8,4
P1857CDM,2022,April,8,13
P1874CDM,2022,April,8,3
P1878CDM,2022,April,8,4
P1912CDM,2022,April,8,3
P1913CDM,2022,April,8,8
P1916CDM,2022,April,8,9
P1917CDM,2022,April,8,1
P1971CDM,2022,April,8,13
P2038CDM,2022,April,8,1
P2057CDM,2022,April,8,5
P2076CDM,2022,April,8,2
P2087CDM,2022,April,8,3
P2094CDM,2022,April,8,4
P2100CDM,2022,April,8,1
P2188CDM,2022,April,8,1
P2216CDM,2022,April,8,1
P325CDM,2022,April,8,2
P340CDM,2022,April,8,11
P383CDM,2022,April,8,3
P536CDM,2022,April,8,11
P562CDM,2022,April,8,1
P635CDM,2022,April,8,1
P636CDM,2022,April,8,1
P642CDM,2022,April,8,1
P683CDM,2022,April,8,1
P699CDM,2022,April,8,1
P702CDM,2022,April,8,2
P763CDM,2022,April,8,1
P768CDM,2022,April,8,6
P781CDM,2022,April,8,2
P784CDM,2022,April,8,1
P785CDM,2022,April,8,2
P792CDM,2022,April,8,1
P813CDM,2022,April,8,2
P815CDM,2022,April,8,5
P817CDM,2022,April,8,1
P822CDM,2022,April,8,1
P828CDM,2022,April,8,1
P835CDM,2022,April,8,1
P841CDM,2022,April,8,1
P855CDM,2022,April,8,3
P856CDM,2022,April,8,2
P858CDM,2022,April,8,1
P859CDM,2022,April,8,1
P864CDM,2022,April,8,1
P868CDM,2022,April,8,1
P872CDM,2022,April,8,1
P876CDM,2022,April,8,1
P881CDM,2022,April,8,1
P882CDM,2022,April,8,1
P883CDM,2022,April,8,5
P886CDM,2022,April,8,1
P888CDM,2022,April,8,4
P898CDM,2022,April,8,9
P905CDM,2022,April,8,25
P906CDM,2022,April,8,1
P913CDM,2022,April,8,1
P914CDM,2022,April,8,6
P922CDM,2022,April,8,1
P923CDM,2022,April,8,2
P934CDM,2022,April,8,1
P935CDM,2022,April,8,1
P946CDM,2022,April,8,1
P954CDM,2022,April,8,1
P962CDM,2022,April,8,1
P963CDM,2022,April,8,1
P975CDM,2022,April,8,2
P976CDM,2022,April,8,2
P981CDM,2022,April,8,3
P996CDM,2022,April,8,1
P1012CDM,2022,April,7,1
P1015CDM,2022,April,7,2
P1033CDM,2022,April,7,2
P1037CDM,2022,April,7,5
P1040CDM,2022,April,7,2
P1041CDM,2022,April,7,3
P1042CDM,2022,April,7,1
P1044CDM,2022,April,7,7
P1047BCDM,2022,April,7,1
P1056CDM,2022,April,7,3
P1057CDM,2022,April,7,5
P1058CDM,2022,April,7,2
P1061CDM,2022,April,7,2
P1081CDM,2022,April,7,1
P1083CDM,2022,April,7,2
P1084CDM,2022,April,7,7
P1086CDM,2022,April,7,3
P1088CDM,2022,April,7,1
P1095CDM,2022,April,7,8
P1103CDM,2022,April,7,1
P1107CDM,2022,April,7,4
P1108CDM,2022,April,7,2
P1113CDM,2022,April,7,1
P1114CDM,2022,April,7,9
P1156CDM,2022,April,7,1
P1160CDM,2022,April,7,5
P1161CDM,2022,April,7,6
P1169CDM,2022,April,7,3
P1171CDM,2022,April,7,3
P1178CDM,2022,April,7,1
P1184CDM,2022,April,7,3
P1188CDM,2022,April,7,1
P1192CDM,2022,April,7,5
P1210CDM,2022,April,7,8
P1211CDM,2022,April,7,1
P1258CDM,2022,April,7,4
P1259CDM,2022,April,7,3
P1260CDM,2022,April,7,3
P1273CDM,2022,April,7,18
P1274CDM,2022,April,7,6
P1275CDM,2022,April,7,7
P1293CDM,2022,April,7,6
P1296CDM,2022,April,7,2
P1303CDM,2022,April,7,1
P1304CDM,2022,April,7,1
P1307CDM,2022,April,7,1
P1324CDM,2022,April,7,9
P1325CDM,2022,April,7,2
P1337CDM,2022,April,7,1
P1361CDM,2022,April,7,1
P1362CDM,2022,April,7,1
P1363CDM,2022,April,7,11
P1378CDM,2022,April,7,4
P1391CDM,2022,April,7,4
P1396CDM,2022,April,7,1
P1399CDM,2022,April,7,3
P1400CDM,2022,April,7,3
P1401CDM,2022,April,7,4
P1402CDM,2022,April,7,4
P1404CDM,2022,April,7,1
P1421CDM,2022,April,7,13
P1423CDM,2022,April,7,6
P1430CDM,2022,April,7,1
P1444CDM,2022,April,7,3
P1451CDM,2022,April,7,1
P1454CDM,2022,April,7,4
P1455CDM,2022,April,7,4
P1456CDM,2022,April,7,1
P1473CDM,2022,April,7,1
P1498CDM,2022,April,7,4
P1506CDM,2022,April,7,9
P1508CDM,2022,April,7,3
P1521CDM,2022,April,7,3
P1522CDM,2022,April,7,1
P1539CDM,2022,April,7,8
P1561CDM,2022,April,7,1
P1562CDM,2022,April,7,1
P1565CDM,2022,April,7,3
P1578CDM,2022,April,7,8
P1584CDM,2022,April,7,1
P1585CDM,2022,April,7,2
P1589CDM,2022,April,7,3
P1592CDM,2022,April,7,3
P1596CDM,2022,April,7,1
P1602CDM,2022,April,7,7
P1611CDM,2022,April,7,2
P1613CDM,2022,April,7,1
P1623CDM,2022,April,7,6
P1628CDM,2022,April,7,1
P1632CDM,2022,April,7,9
P1649CDM,2022,April,7,3
P1654CDM,2022,April,7,1
P1668CDM,2022,April,7,1
P1679CDM,2022,April,7,5
P1707CDM,2022,April,7,13
P1719CDM,2022,April,7,17
P1720CDM,2022,April,7,1
P1728CDM,2022,April,7,2
P1734CDM,2022,April,7,8
P1737CDM,2022,April,7,1
P1744CDM,2022,April,7,1
P1759CDM,2022,April,7,3
P1760CDM,2022,April,7,2
P1761CDM,2022,April,7,1
P1779CDM,2022,April,7,1
P1790CDM,2022,April,7,3
P1802CDM,2022,April,7,1
P1805CDM,2022,April,7,3
P1806CDM,2022,April,7,3
P1808CDM,2022,April,7,2
P1811CDM,2022,April,7,4
P1815CDM,2022,April,7,13
P1818BCDM,2022,April,7,1
P1827CDM,2022,April,7,1
P1829CDM,2022,April,7,4
P1833CDM,2022,April,7,5
P1843CDM,2022,April,7,3
P1844CDM,2022,April,7,2
P1846CDM,2022,April,7,3
P1847CDM,2022,April,7,3
P1848CDM,2022,April,7,22
P1855CDM,2022,April,7,6
P1857CDM,2022,April,7,2
P1878CDM,2022,April,7,5
P1913CDM,2022,April,7,1
P1916CDM,2022,April,7,15
P1917CDM,2022,April,7,2
P1954CDM,2022,April,7,1
P1971CDM,2022,April,7,11
P1977CDM,2022,April,7,1
P2045CDM,2022,April,7,2
P2057CDM,2022,April,7,5
P2065CDM,2022,April,7,1
P2076CDM,2022,April,7,3
P2087CDM,2022,April,7,11
P2089CDM,2022,April,7,1
P2094CDM,2022,April,7,2
P2100CDM,2022,April,7,1
P2170CDM,2022,April,7,1
P2173CDM,2022,April,7,1
P2174CDM,2022,April,7,1
P2178CDM,2022,April,7,1
P2188CDM,2022,April,7,1
P325CDM,2022,April,7,1
P340CDM,2022,April,7,9
P369CDM,2022,April,7,1
P383CDM,2022,April,7,1
P396CDM,2022,April,7,1
P440CDM,2022,April,7,1
P503CDM,2022,April,7,2
P532CDM,2022,April,7,1
P536CDM,2022,April,7,17
P600CDM,2022,April,7,1
P601CDM,2022,April,7,1
P606CDM,2022,April,7,2
P617CDM,2022,April,7,1
P627CDM,2022,April,7,4
P683CDM,2022,April,7,1
P702CDM,2022,April,7,2
P721CDM,2022,April,7,1
P730CDM,2022,April,7,1
P763CDM,2022,April,7,1
P768CDM,2022,April,7,3
P770CDM,2022,April,7,2
P781CDM,2022,April,7,2
P782CDM,2022,April,7,1
P784CDM,2022,April,7,1
P785CDM,2022,April,7,3
P791CDM,2022,April,7,2
P792CDM,2022,April,7,1
P793CDM,2022,April,7,1
P804CDM,2022,April,7,2
P815CDM,2022,April,7,5
P828CDM,2022,April,7,1
P843CDM,2022,April,7,1
P855CDM,2022,April,7,2
P856CDM,2022,April,7,2
P857CDM,2022,April,7,1
P858CDM,2022,April,7,1
P865CDM,2022,April,7,3
P881CDM,2022,April,7,1
P882CDM,2022,April,7,1
P883CDM,2022,April,7,4
P884CDM,2022,April,7,1
P898CDM,2022,April,7,8
P905CDM,2022,April,7,16
P906CDM,2022,April,7,3
P908CDM,2022,April,7,1
P913CDM,2022,April,7,2
P914CDM,2022,April,7,8
P922CDM,2022,April,7,1
P923CDM,2022,April,7,6
P934CDM,2022,April,7,1
P935CDM,2022,April,7,1
P945CDM,2022,April,7,2
P946CDM,2022,April,7,1
P948CDM,2022,April,7,2
P956CDM,2022,April,7,1
P965CDM,2022,April,7,2
P969CDM,2022,April,7,1
P976CDM,2022,April,7,4
P981CDM,2022,April,7,1
P995CDM,2022,April,7,2
P999CDM,2022,April,7,2
P1001CDM,2022,April,6,3
P1003CDM,2022,April,6,1
P1035CDM,2022,April,6,1
P1037CDM,2022,April,6,2
P1044CDM,2022,April,6,9
P1047BCDM,2022,April,6,2
P1047SCDM,2022,April,6,1
P1055CDM,2022,April,6,2
P1056CDM,2022,April,6,2
P1057CDM,2022,April,6,2
P1061CDM,2022,April,6,1
P1075CDM,2022,April,6,1
P1078CDM,2022,April,6,3
P1081CDM,2022,April,6,1
P1083CDM,2022,April,6,1
P1084CDM,2022,April,6,8
P1086CDM,2022,April,6,7
P1088CDM,2022,April,6,3
P1094CDM,2022,April,6,1
P1095CDM,2022,April,6,17
P1100CDM,2022,April,6,1
P1103CDM,2022,April,6,1
P1107CDM,2022,April,6,4
P1108CDM,2022,April,6,5
P1111CDM,2022,April,6,1
P1114CDM,2022,April,6,3
P1124CDM,2022,April,6,3
P1156CDM,2022,April,6,1
P1159CDM,2022,April,6,2
P1160CDM,2022,April,6,1
P1161CDM,2022,April,6,2
P1169CDM,2022,April,6,3
P1170CDM,2022,April,6,1
P1171CDM,2022,April,6,1
P1184CDM,2022,April,6,2
P1192CDM,2022,April,6,3
P1210CDM,2022,April,6,6
P1211CDM,2022,April,6,4
P1258CDM,2022,April,6,4
P1259CDM,2022,April,6,1
P1273CDM,2022,April,6,7
P1274CDM,2022,April,6,2
P1275CDM,2022,April,6,14
P1293CDM,2022,April,6,3
P1296CDM,2022,April,6,2
P1303CDM,2022,April,6,4
P1304CDM,2022,April,6,4
P1305CDM,2022,April,6,1
P1308CDM,2022,April,6,1
P1309CDM,2022,April,6,1
P1324CDM,2022,April,6,2
P1332CDM,2022,April,6,1
P1337CDM,2022,April,6,2
P1341CDM,2022,April,6,1
P1345CDM,2022,April,6,1
P1358CDM,2022,April,6,1
P1361CDM,2022,April,6,1
P1362CDM,2022,April,6,1
P1363CDM,2022,April,6,7
P1374CDM,2022,April,6,1
P1378CDM,2022,April,6,5
P1391CDM,2022,April,6,1
P1399CDM,2022,April,6,3
P1400CDM,2022,April,6,3
P1401CDM,2022,April,6,2
P1402CDM,2022,April,6,2
P1421CDM,2022,April,6,15
P1422CDM,2022,April,6,1
P1423CDM,2022,April,6,5
P1430CDM,2022,April,6,1
P1444CDM,2022,April,6,3
P1451CDM,2022,April,6,4
P1454CDM,2022,April,6,5
P1455CDM,2022,April,6,1
P1467CDM,2022,April,6,1
P1468CDM,2022,April,6,3
P1498CDM,2022,April,6,1
P1506CDM,2022,April,6,2
P1508CDM,2022,April,6,3
P1521CDM,2022,April,6,11
P1522CDM,2022,April,6,3
P1539CDM,2022,April,6,4
P1565CDM,2022,April,6,2
P1578CDM,2022,April,6,11
P1584CDM,2022,April,6,2
P1585CDM,2022,April,6,8
P1589CDM,2022,April,6,9
P1592CDM,2022,April,6,1
P1596CDM,2022,April,6,6
P1602CDM,2022,April,6,6
P1611CDM,2022,April,6,2
P1623CDM,2022,April,6,3
P1624CDM,2022,April,6,4
P1632CDM,2022,April,6,4
P1633CDM,2022,April,6,1
P1649CDM,2022,April,6,1
P1650CDM,2022,April,6,7
P1653CDM,2022,April,6,2
P1654CDM,2022,April,6,1
P1668CDM,2022,April,6,4
P1679CDM,2022,April,6,2
P1680CDM,2022,April,6,2
P1691CDM,2022,April,6,2
P1694CDM,2022,April,6,2
P1707CDM,2022,April,6,4
P1719CDM,2022,April,6,12
P1728CDM,2022,April,6,3
P1731CDM,2022,April,6,1
P1734CDM,2022,April,6,2
P1737CDM,2022,April,6,6
P1759CDM,2022,April,6,2
P1760CDM,2022,April,6,2
P1761CDM,2022,April,6,1
P1779CDM,2022,April,6,2
P1783CDM,2022,April,6,1
P1790CDM,2022,April,6,1
P1791CDM,2022,April,6,1
P1806CDM,2022,April,6,1
P1808CDM,2022,April,6,2
P1815CDM,2022,April,6,7
P1818BCDM,2022,April,6,1
P1829CDM,2022,April,6,4
P1833CDM,2022,April,6,7
P1839CDM,2022,April,6,1
P1841CDM,2022,April,6,1
P1843CDM,2022,April,6,2
P1844CDM,2022,April,6,4
P1846CDM,2022,April,6,5
P1847CDM,2022,April,6,4
P1848CDM,2022,April,6,27
P1855CDM,2022,April,6,3
P1857CDM,2022,April,6,11
P1878CDM,2022,April,6,3
P1912CDM,2022,April,6,1
P1913CDM,2022,April,6,3
P1916CDM,2022,April,6,8
P1917CDM,2022,April,6,3
P1954CDM,2022,April,6,1
P1971CDM,2022,April,6,13
P2042CDM,2022,April,6,1
P2045CDM,2022,April,6,2
P2057CDM,2022,April,6,9
P2076CDM,2022,April,6,2
P2087CDM,2022,April,6,5
P2089CDM,2022,April,6,1
P2094CDM,2022,April,6,3
P2100CDM,2022,April,6,1
P2173CDM,2022,April,6,2
P2174CDM,2022,April,6,1
P2218CDM,2022,April,6,1
P2219CDM,2022,April,6,1
P273CDM,2022,April,6,1
P325CDM,2022,April,6,1
P340CDM,2022,April,6,10
P369CDM,2022,April,6,1
P383CDM,2022,April,6,2
P477CDM,2022,April,6,1
P536CDM,2022,April,6,11
P600CDM,2022,April,6,1
P606CDM,2022,April,6,1
P650CDM,2022,April,6,1
P666CDM,2022,April,6,1
P681CDM,2022,April,6,1
P683CDM,2022,April,6,1
P687ACDM,2022,April,6,1
P700CDM,2022,April,6,1
P702CDM,2022,April,6,1
P749CDM,2022,April,6,1
P768CDM,2022,April,6,7
P770CDM,2022,April,6,1
P784CDM,2022,April,6,1
P785CDM,2022,April,6,5
P792CDM,2022,April,6,2
P794CDM,2022,April,6,1
P804CDM,2022,April,6,1
P813CDM,2022,April,6,1
P815CDM,2022,April,6,5
P822CDM,2022,April,6,1
P829CDM,2022,April,6,1
P841CDM,2022,April,6,1
P844CDM,2022,April,6,1
P855CDM,2022,April,6,2
P856CDM,2022,April,6,1
P857CDM,2022,April,6,2
P858CDM,2022,April,6,2
P865CDM,2022,April,6,1
P868CDM,2022,April,6,3
P881CDM,2022,April,6,4
P882CDM,2022,April,6,1
P883CDM,2022,April,6,3
P885CDM,2022,April,6,1
P888CDM,2022,April,6,3
P898CDM,2022,April,6,6
P905CDM,2022,April,6,24
P906CDM,2022,April,6,1
P913CDM,2022,April,6,6
P914CDM,2022,April,6,19
P918CDM,2022,April,6,1
P921CDM,2022,April,6,1
P922CDM,2022,April,6,1
P923CDM,2022,April,6,3
P934CDM,2022,April,6,1
P935CDM,2022,April,6,1
P946CDM,2022,April,6,1
P948CDM,2022,April,6,1
P956CDM,2022,April,6,1
P957CDM,2022,April,6,1
P961CDM,2022,April,6,1
P969CDM,2022,April,6,1
P975CDM,2022,April,6,1
P976CDM,2022,April,6,3
P980CDM,2022,April,6,1
P981CDM,2022,April,6,1
P999CDM,2022,April,6,2
P1003CDM,2022,April,5,1
P1012CDM,2022,April,5,1
P1018CDM,2022,April,5,1
P1033CDM,2022,April,5,3
P1037CDM,2022,April,5,7
P1040CDM,2022,April,5,1
P1041CDM,2022,April,5,3
P1042CDM,2022,April,5,1
P1044CDM,2022,April,5,10
P1047BCDM,2022,April,5,4
P1055CDM,2022,April,5,1
P1056CDM,2022,April,5,2
P1058CDM,2022,April,5,2
P1061CDM,2022,April,5,1
P1070CDM,2022,April,5,1
P1071CDM,2022,April,5,1
P1078CDM,2022,April,5,2
P1080CDM,2022,April,5,1
P1083CDM,2022,April,5,1
P1084CDM,2022,April,5,13
P1086CDM,2022,April,5,10
P1093CDM,2022,April,5,1
P1094CDM,2022,April,5,3
P1095CDM,2022,April,5,10
P1100CDM,2022,April,5,3
P1103CDM,2022,April,5,2
P1105CDM,2022,April,5,1
P1107CDM,2022,April,5,4
P1108CDM,2022,April,5,2
P1113CDM,2022,April,5,3
P1114CDM,2022,April,5,6
P1118CDM,2022,April,5,1
P1160CDM,2022,April,5,4
P1169CDM,2022,April,5,3
P1171CDM,2022,April,5,2
P1178CDM,2022,April,5,3
P1184CDM,2022,April,5,3
P1192CDM,2022,April,5,1
P1210CDM,2022,April,5,9
P1211CDM,2022,April,5,3
P1258CDM,2022,April,5,2
P1259CDM,2022,April,5,1
P1260CDM,2022,April,5,1
P1273CDM,2022,April,5,7
P1275CDM,2022,April,5,6
P1278CDM,2022,April,5,1
P1279CDM,2022,April,5,1
P1293CDM,2022,April,5,4
P1294CDM,2022,April,5,1
P1305CDM,2022,April,5,1
P1307CDM,2022,April,5,1
P1322CDM,2022,April,5,1
P1324CDM,2022,April,5,6
P1325CDM,2022,April,5,1
P1333CDM,2022,April,5,1
P1337CDM,2022,April,5,1
P1363CDM,2022,April,5,13
P1374CDM,2022,April,5,2
P1375CDM,2022,April,5,2
P1378CDM,2022,April,5,2
P1391CDM,2022,April,5,5
P1399CDM,2022,April,5,1
P1400CDM,2022,April,5,1
P1421CDM,2022,April,5,8
P1422CDM,2022,April,5,2
P1423CDM,2022,April,5,7
P1444CDM,2022,April,5,1
P1451CDM,2022,April,5,4
P1454CDM,2022,April,5,3
P1455CDM,2022,April,5,2
P1456CDM,2022,April,5,1
P1467CDM,2022,April,5,2
P1468CDM,2022,April,5,4
P1498CDM,2022,April,5,2
P1506CDM,2022,April,5,10
P1508CDM,2022,April,5,2
P1509CDM,2022,April,5,2
P1521CDM,2022,April,5,9
P1522CDM,2022,April,5,1
P1539CDM,2022,April,5,6
P1540CDM,2022,April,5,1
P1561CDM,2022,April,5,1
P1565CDM,2022,April,5,2
P1578CDM,2022,April,5,6
P1584CDM,2022,April,5,3
P1585CDM,2022,April,5,4
P1589CDM,2022,April,5,6
P1592CDM,2022,April,5,2
P1596CDM,2022,April,5,4
P1602CDM,2022,April,5,8
P1613CDM,2022,April,5,1
P1632CDM,2022,April,5,12
P1633CDM,2022,April,5,1
P1646CDM,2022,April,5,1
P1649CDM,2022,April,5,6
P1650CDM,2022,April,5,6
P1653CDM,2022,April,5,2
P1668CDM,2022,April,5,3
P1679CDM,2022,April,5,5
P1680CDM,2022,April,5,1
P1694CDM,2022,April,5,1
P1697CDM,2022,April,5,3
P1707CDM,2022,April,5,8
P1719CDM,2022,April,5,9
P1728CDM,2022,April,5,1
P1731CDM,2022,April,5,2
P1734CDM,2022,April,5,3
P1735CDM,2022,April,5,1
P1737CDM,2022,April,5,7
P1744CDM,2022,April,5,1
P1746CDM,2022,April,5,1
P1759CDM,2022,April,5,4
P1762CDM,2022,April,5,1
P1790CDM,2022,April,5,3
P1808CDM,2022,April,5,2
P1811CDM,2022,April,5,2
P1815CDM,2022,April,5,12
P1827CDM,2022,April,5,2
P1829CDM,2022,April,5,8
P1833CDM,2022,April,5,5
P1844CDM,2022,April,5,3
P1847CDM,2022,April,5,4
P1848CDM,2022,April,5,21
P1855CDM,2022,April,5,12
P1857CDM,2022,April,5,7
P1878CDM,2022,April,5,4
P1896CDM,2022,April,5,1
P1912CDM,2022,April,5,1
P1913CDM,2022,April,5,2
P1916CDM,2022,April,5,11
P1917CDM,2022,April,5,4
P1934CDM,2022,April,5,1
P1971CDM,2022,April,5,12
P2032CDM,2022,April,5,1
P2042CDM,2022,April,5,1
P2057CDM,2022,April,5,7
P2065CDM,2022,April,5,1
P2076CDM,2022,April,5,1
P2087CDM,2022,April,5,9
P2094CDM,2022,April,5,2
P2100CDM,2022,April,5,1
P2170CDM,2022,April,5,1
P2188CDM,2022,April,5,3
P2202CDM,2022,April,5,1
P340CDM,2022,April,5,7
P383CDM,2022,April,5,2
P477CDM,2022,April,5,1
P503CDM,2022,April,5,3
P506CDM,2022,April,5,1
P532CDM,2022,April,5,1
P536CDM,2022,April,5,22
P627CDM,2022,April,5,2
P666CDM,2022,April,5,1
P683CDM,2022,April,5,1
P687CDM,2022,April,5,1
P699CDM,2022,April,5,1
P700CDM,2022,April,5,4
P702CDM,2022,April,5,2
P726CDM,2022,April,5,1
P729CDM,2022,April,5,1
P741CDM,2022,April,5,1
P754CDM,2022,April,5,1
P768CDM,2022,April,5,4
P770CDM,2022,April,5,1
P785CDM,2022,April,5,3
P792CDM,2022,April,5,2
P804CDM,2022,April,5,2
P813CDM,2022,April,5,1
P815CDM,2022,April,5,7
P822CDM,2022,April,5,2
P823CDM,2022,April,5,1
P828CDM,2022,April,5,2
P829CDM,2022,April,5,1
P841CDM,2022,April,5,2
P843CDM,2022,April,5,1
P850CDM,2022,April,5,1
P853CDM,2022,April,5,1
P855CDM,2022,April,5,1
P857CDM,2022,April,5,3
P858CDM,2022,April,5,3
P865CDM,2022,April,5,1
P868CDM,2022,April,5,1
P881CDM,2022,April,5,2
P882CDM,2022,April,5,1
P883CDM,2022,April,5,4
P898CDM,2022,April,5,18
P904CDM,2022,April,5,1
P905CDM,2022,April,5,27
P908CDM,2022,April,5,1
P913CDM,2022,April,5,2
P914CDM,2022,April,5,12
P923CDM,2022,April,5,2
P931CDM,2022,April,5,1
P946CDM,2022,April,5,1
P954CDM,2022,April,5,4
P965CDM,2022,April,5,2
P976CDM,2022,April,5,2
P980CDM,2022,April,5,2
P981CDM,2022,April,5,1
P999CDM,2022,April,5,2
P1003CDM,2022,April,4,1
P1004CDM,2022,April,4,1
P1012CDM,2022,April,4,4
P1018CDM,2022,April,4,2
P1022CDM,2022,April,4,1
P1033CDM,2022,April,4,3
P1037CDM,2022,April,4,5
P1040CDM,2022,April,4,2
P1041CDM,2022,April,4,2
P1044CDM,2022,April,4,14
P1047BCDM,2022,April,4,3
P1057CDM,2022,April,4,1
P1058CDM,2022,April,4,1
P1074CDM,2022,April,4,1
P1075CDM,2022,April,4,3
P1078CDM,2022,April,4,2
P1080CDM,2022,April,4,2
P1083CDM,2022,April,4,1
P1084CDM,2022,April,4,12
P1086CDM,2022,April,4,12
P1088CDM,2022,April,4,3
P1094CDM,2022,April,4,3
P1095CDM,2022,April,4,14
P1100CDM,2022,April,4,3
P1103CDM,2022,April,4,1
P1107CDM,2022,April,4,4
P1108CDM,2022,April,4,2
P1111CDM,2022,April,4,2
P1113CDM,2022,April,4,2
P1114CDM,2022,April,4,7
P1118CDM,2022,April,4,2
P1124CDM,2022,April,4,1
P1129CDM,2022,April,4,1
P1159CDM,2022,April,4,1
P1160CDM,2022,April,4,3
P1161CDM,2022,April,4,3
P1169CDM,2022,April,4,2
P1171CDM,2022,April,4,1
P1178CDM,2022,April,4,1
P1184CDM,2022,April,4,3
P1192CDM,2022,April,4,3
P1204CDM,2022,April,4,2
P1210CDM,2022,April,4,14
P1211CDM,2022,April,4,4
P1258CDM,2022,April,4,6
P1259CDM,2022,April,4,2
P1260CDM,2022,April,4,1
P1264CDM,2022,April,4,1
P1273CDM,2022,April,4,9
P1274CDM,2022,April,4,2
P1275CDM,2022,April,4,5
P1293CDM,2022,April,4,5
P1296CDM,2022,April,4,1
P1303CDM,2022,April,4,2
P1304CDM,2022,April,4,2
P1307CDM,2022,April,4,3
P1309CDM,2022,April,4,1
P1322CDM,2022,April,4,1
P1324CDM,2022,April,4,2
P1339CDM,2022,April,4,3
P1342CDM,2022,April,4,1
P1345CDM,2022,April,4,1
P1346CDM,2022,April,4,1
P1347CDM,2022,April,4,1
P1363CDM,2022,April,4,6
P1375CDM,2022,April,4,1
P1378CDM,2022,April,4,3
P1391CDM,2022,April,4,3
P1399CDM,2022,April,4,1
P1400CDM,2022,April,4,1
P1401CDM,2022,April,4,3
P1402CDM,2022,April,4,2
P1412CDM,2022,April,4,1
P1421CDM,2022,April,4,8
P1423CDM,2022,April,4,11
P1430CDM,2022,April,4,1
P1444CDM,2022,April,4,4
P1451CDM,2022,April,4,4
P1453CDM,2022,April,4,1
P1454CDM,2022,April,4,1
P1455CDM,2022,April,4,3
P1456CDM,2022,April,4,1
P1467CDM,2022,April,4,2
P1473CDM,2022,April,4,1
P1490CDM,2022,April,4,1
P1498CDM,2022,April,4,4
P1506CDM,2022,April,4,8
P1508CDM,2022,April,4,1
P1521CDM,2022,April,4,6
P1539CDM,2022,April,4,8
P1540CDM,2022,April,4,1
P1561CDM,2022,April,4,1
P1565CDM,2022,April,4,1
P1578CDM,2022,April,4,8
P1584CDM,2022,April,4,2
P1585CDM,2022,April,4,2
P1589CDM,2022,April,4,8
P1592CDM,2022,April,4,1
P1596CDM,2022,April,4,5
P1602CDM,2022,April,4,3
P1611CDM,2022,April,4,2
P1613CDM,2022,April,4,1
P1623CDM,2022,April,4,3
P1624CDM,2022,April,4,3
P1632CDM,2022,April,4,8
P1649CDM,2022,April,4,6
P1650CDM,2022,April,4,2
P1654CDM,2022,April,4,2
P1668CDM,2022,April,4,1
P1679CDM,2022,April,4,6
P1694CDM,2022,April,4,1
P1697CDM,2022,April,4,1
P1707CDM,2022,April,4,4
P1711CDM,2022,April,4,1
P1719CDM,2022,April,4,11
P1720CDM,2022,April,4,1
P1728CDM,2022,April,4,3
P1731CDM,2022,April,4,1
P1734CDM,2022,April,4,4
P1737CDM,2022,April,4,12
P1744CDM,2022,April,4,3
P1759CDM,2022,April,4,4
P1760CDM,2022,April,4,3
P1761CDM,2022,April,4,1
P1779CDM,2022,April,4,1
P1790CDM,2022,April,4,4
P1799CDM,2022,April,4,1
P1802CDM,2022,April,4,2
P1805CDM,2022,April,4,1
P1806CDM,2022,April,4,2
P1808CDM,2022,April,4,1
P1811CDM,2022,April,4,2
P1815CDM,2022,April,4,9
P1821CDM,2022,April,4,1
P1827CDM,2022,April,4,1
P1829CDM,2022,April,4,3
P1833CDM,2022,April,4,5
P1841CDM,2022,April,4,1
P1843CDM,2022,April,4,2
P1844CDM,2022,April,4,5
P1846CDM,2022,April,4,3
P1847CDM,2022,April,4,3
P1848CDM,2022,April,4,29
P1855CDM,2022,April,4,7
P1857CDM,2022,April,4,8
P1878CDM,2022,April,4,3
P1912CDM,2022,April,4,3
P1916CDM,2022,April,4,19
P1917CDM,2022,April,4,3
P1954CDM,2022,April,4,2
P1971CDM,2022,April,4,11
P2036CDM,2022,April,4,1
P2037CDM,2022,April,4,1
P2042CDM,2022,April,4,2
P2045CDM,2022,April,4,1
P2057CDM,2022,April,4,8
P2087CDM,2022,April,4,8
P2089CDM,2022,April,4,1
P2094CDM,2022,April,4,2
P2100CDM,2022,April,4,2
P2190CDM,2022,April,4,1
P332CDM,2022,April,4,1
P340CDM,2022,April,4,5
P383CDM,2022,April,4,2
P503CDM,2022,April,4,4
P506CDM,2022,April,4,1
P536CDM,2022,April,4,18
P562CDM,2022,April,4,1
P600CDM,2022,April,4,1
P606CDM,2022,April,4,1
P627CDM,2022,April,4,2
P635CDM,2022,April,4,1
P636CDM,2022,April,4,1
P696CDM,2022,April,4,1
P700CDM,2022,April,4,1
P702CDM,2022,April,4,3
P721CDM,2022,April,4,1
P749CDM,2022,April,4,1
P750CDM,2022,April,4,1
P768CDM,2022,April,4,2
P770CDM,2022,April,4,3
P784CDM,2022,April,4,3
P785CDM,2022,April,4,2
P791CDM,2022,April,4,2
P794CDM,2022,April,4,1
P815CDM,2022,April,4,8
P819CDM,2022,April,4,1
P822CDM,2022,April,4,2
P828CDM,2022,April,4,3
P840FCDM,2022,April,4,1
P847CDM,2022,April,4,1
P855CDM,2022,April,4,2
P856CDM,2022,April,4,2
P862CDM,2022,April,4,1
P865CDM,2022,April,4,2
P881CDM,2022,April,4,3
P882CDM,2022,April,4,1
P883CDM,2022,April,4,4
P884CDM,2022,April,4,1
P886CDM,2022,April,4,1
P888CDM,2022,April,4,1
P898CDM,2022,April,4,11
P905CDM,2022,April,4,36
P913CDM,2022,April,4,5
P914CDM,2022,April,4,11
P934CDM,2022,April,4,1
P935CDM,2022,April,4,1
P945CDM,2022,April,4,2
P954CDM,2022,April,4,3
P956CDM,2022,April,4,4
P965CDM,2022,April,4,1
P969CDM,2022,April,4,1
P975CDM,2022,April,4,1
P976CDM,2022,April,4,1
P979CDM,2022,April,4,1
P980CDM,2022,April,4,2
P986CDM,2022,April,4,2
P995CDM,2022,April,4,1
P996CDM,2022,April,4,1
P999CDM,2022,April,4,1
P1004CDM,2022,April,3,1
P1005CDM,2022,April,3,2
P1008CDM,2022,April,3,1
P1009CDM,2022,April,3,1
P1012CDM,2022,April,3,1
P1018CDM,2022,April,3,1
P1033CDM,2022,April,3,1
P1037CDM,2022,April,3,6
P1040CDM,2022,April,3,1
P1044CDM,2022,April,3,8
P1047BCDM,2022,April,3,1
P1055CDM,2022,April,3,1
P1078CDM,2022,April,3,2
P1081CDM,2022,April,3,1
P1084CDM,2022,April,3,8
P1086CDM,2022,April,3,5
P1088CDM,2022,April,3,1
P1094CDM,2022,April,3,3
P1095CDM,2022,April,3,11
P1098CDM,2022,April,3,1
P1103CDM,2022,April,3,1
P1107CDM,2022,April,3,3
P1108CDM,2022,April,3,1
P1114CDM,2022,April,3,8
P1118CDM,2022,April,3,1
P1120CDM,2022,April,3,1
P1156CDM,2022,April,3,1
P1158CDM,2022,April,3,1
P1159CDM,2022,April,3,1
P1160CDM,2022,April,3,4
P1169CDM,2022,April,3,4
P1170CDM,2022,April,3,1
P1184CDM,2022,April,3,3
P1204CDM,2022,April,3,1
P1210CDM,2022,April,3,9
P1211CDM,2022,April,3,1
P1258CDM,2022,April,3,3
P1259CDM,2022,April,3,1
P1273CDM,2022,April,3,14
P1274CDM,2022,April,3,4
P1275CDM,2022,April,3,3
P1293CDM,2022,April,3,2
P1296CDM,2022,April,3,1
P1306CDM,2022,April,3,1
P1307CDM,2022,April,3,1
P1309CDM,2022,April,3,1
P1322CDM,2022,April,3,1
P1324CDM,2022,April,3,8
P1339CDM,2022,April,3,1
P1341CDM,2022,April,3,1
P1363CDM,2022,April,3,7
P1384CDM,2022,April,3,1
P1391CDM,2022,April,3,6
P1421CDM,2022,April,3,10
P1423CDM,2022,April,3,8
P1444CDM,2022,April,3,2
P1451CDM,2022,April,3,3
P1454CDM,2022,April,3,2
P1455CDM,2022,April,3,1
P1456CDM,2022,April,3,1
P1467CDM,2022,April,3,1
P1468CDM,2022,April,3,1
P1498CDM,2022,April,3,2
P1506CDM,2022,April,3,8
P1521CDM,2022,April,3,4
P1539CDM,2022,April,3,10
P1562CDM,2022,April,3,1
P1578CDM,2022,April,3,5
P1589CDM,2022,April,3,8
P1596CDM,2022,April,3,3
P1602CDM,2022,April,3,7
P1611CDM,2022,April,3,1
P1623CDM,2022,April,3,1
P1624CDM,2022,April,3,1
P1632CDM,2022,April,3,9
P1649CDM,2022,April,3,3
P1650CDM,2022,April,3,1
P1654CDM,2022,April,3,1
P1668CDM,2022,April,3,1
P1680CDM,2022,April,3,1
P1691CDM,2022,April,3,1
P1697CDM,2022,April,3,1
P1707CDM,2022,April,3,5
P1719CDM,2022,April,3,7
P1728CDM,2022,April,3,2
P1734CDM,2022,April,3,3
P1737CDM,2022,April,3,10
P1759CDM,2022,April,3,1
P1760CDM,2022,April,3,2
P1779CDM,2022,April,3,2
P1783CDM,2022,April,3,1
P1790CDM,2022,April,3,1
P1802CDM,2022,April,3,2
P1805CDM,2022,April,3,4
P1806CDM,2022,April,3,3
P1811CDM,2022,April,3,1
P1814CDM,2022,April,3,1
P1815CDM,2022,April,3,4
P1829CDM,2022,April,3,6
P1833CDM,2022,April,3,5
P1844CDM,2022,April,3,6
P1846CDM,2022,April,3,1
P1847CDM,2022,April,3,1
P1848CDM,2022,April,3,15
P1855CDM,2022,April,3,6
P1857CDM,2022,April,3,12
P1864CDM,2022,April,3,1
P1878CDM,2022,April,3,5
P1896CDM,2022,April,3,1
P1912CDM,2022,April,3,1
P1913CDM,2022,April,3,4
P1914CDM,2022,April,3,1
P1916CDM,2022,April,3,9
P1917CDM,2022,April,3,2
P1934CDM,2022,April,3,1
P1971CDM,2022,April,3,3
P2038CDM,2022,April,3,1
P2042CDM,2022,April,3,1
P2045CDM,2022,April,3,1
P2057CDM,2022,April,3,8
P2076CDM,2022,April,3,4
P2087CDM,2022,April,3,10
P2094CDM,2022,April,3,2
P2186CDM,2022,April,3,1
P2225CDM,2022,April,3,1
P323CDM,2022,April,3,1
P325CDM,2022,April,3,1
P340CDM,2022,April,3,7
P383CDM,2022,April,3,1
P503CDM,2022,April,3,1
P532CDM,2022,April,3,1
P536CDM,2022,April,3,18
P598CDM,2022,April,3,2
P627CDM,2022,April,3,1
P666CDM,2022,April,3,1
P667BCDM,2022,April,3,1
P679CDM,2022,April,3,1
P702CDM,2022,April,3,4
P711CDM,2022,April,3,1
P730CDM,2022,April,3,1
P748CDM,2022,April,3,1
P752CDM,2022,April,3,1
P763CDM,2022,April,3,2
P768CDM,2022,April,3,6
P781CDM,2022,April,3,1
P782CDM,2022,April,3,1
P785CDM,2022,April,3,2
P791CDM,2022,April,3,1
P804CDM,2022,April,3,1
P813CDM,2022,April,3,3
P815CDM,2022,April,3,2
P817CDM,2022,April,3,1
P822CDM,2022,April,3,2
P828CDM,2022,April,3,2
P829CDM,2022,April,3,1
P855CDM,2022,April,3,2
P856CDM,2022,April,3,1
P868CDM,2022,April,3,1
P881CDM,2022,April,3,2
P883CDM,2022,April,3,2
P884CDM,2022,April,3,1
P885CDM,2022,April,3,1
P898CDM,2022,April,3,7
P905CDM,2022,April,3,19
P906CDM,2022,April,3,3
P913CDM,2022,April,3,4
P914CDM,2022,April,3,10
P918CDM,2022,April,3,1
P921CDM,2022,April,3,1
P923CDM,2022,April,3,6
P931CDM,2022,April,3,1
P937CDM,2022,April,3,1
P945CDM,2022,April,3,1
P954CDM,2022,April,3,2
P956CDM,2022,April,3,1
P969CDM,2022,April,3,1
P975CDM,2022,April,3,2
P976CDM,2022,April,3,2
P981CDM,2022,April,3,1
P995CDM,2022,April,3,2
P996CDM,2022,April,3,2
P1001CDM,2022,April,2,2
P1004CDM,2022,April,2,1
P1005CDM,2022,April,2,2
P1020CDM,2022,April,2,1
P1033CDM,2022,April,2,1
P1035CDM,2022,April,2,1
P1037CDM,2022,April,2,2
P1041CDM,2022,April,2,2
P1044CDM,2022,April,2,6
P1047SCDM,2022,April,2,1
P1053CDM,2022,April,2,1
P1056CDM,2022,April,2,1
P1057CDM,2022,April,2,1
P1075CDM,2022,April,2,2
P1078CDM,2022,April,2,1
P1080CDM,2022,April,2,2
P1084CDM,2022,April,2,4
P1086CDM,2022,April,2,4
P1088CDM,2022,April,2,1
P1094CDM,2022,April,2,1
P1095CDM,2022,April,2,8
P1111CDM,2022,April,2,1
P1113CDM,2022,April,2,3
P1114CDM,2022,April,2,3
P1124CDM,2022,April,2,1
P1158CDM,2022,April,2,1
P1161CDM,2022,April,2,4
P1169CDM,2022,April,2,6
P1170CDM,2022,April,2,1
P1171CDM,2022,April,2,1
P1178CDM,2022,April,2,1
P1184CDM,2022,April,2,2
P1188CDM,2022,April,2,1
P1192CDM,2022,April,2,3
P1210CDM,2022,April,2,9
P1211CDM,2022,April,2,4
P1258CDM,2022,April,2,1
P1273CDM,2022,April,2,7
P1275CDM,2022,April,2,2
P1287CDM,2022,April,2,1
P1293CDM,2022,April,2,3
P1302CDM,2022,April,2,2
P1306CDM,2022,April,2,1
P1307CDM,2022,April,2,1
P1308CDM,2022,April,2,1
P1309CDM,2022,April,2,1
P1322CDM,2022,April,2,1
P1324CDM,2022,April,2,4
P1325CDM,2022,April,2,1
P1363CDM,2022,April,2,6
P1378CDM,2022,April,2,2
P1391CDM,2022,April,2,2
P1394CDM,2022,April,2,1
P1399CDM,2022,April,2,1
P1400CDM,2022,April,2,1
P1421CDM,2022,April,2,7
P1423CDM,2022,April,2,2
P1454CDM,2022,April,2,5
P1455CDM,2022,April,2,1
P1456CDM,2022,April,2,1
P1467CDM,2022,April,2,2
P1468CDM,2022,April,2,2
P1498CDM,2022,April,2,1
P1506CDM,2022,April,2,6
P1521CDM,2022,April,2,4
P1522CDM,2022,April,2,1
P1539CDM,2022,April,2,5
P1576CDM,2022,April,2,1
P1578CDM,2022,April,2,5
P1585CDM,2022,April,2,2
P1589CDM,2022,April,2,8
P1592CDM,2022,April,2,1
P1596CDM,2022,April,2,5
P1602CDM,2022,April,2,3
P1623CDM,2022,April,2,1
P1624CDM,2022,April,2,1
P1632CDM,2022,April,2,9
P1649CDM,2022,April,2,3
P1650CDM,2022,April,2,3
P1653CDM,2022,April,2,1
P1668CDM,2022,April,2,1
P1679CDM,2022,April,2,2
P1680CDM,2022,April,2,1
P1691CDM,2022,April,2,1
P1707CDM,2022,April,2,2
P1719CDM,2022,April,2,6
P1720CDM,2022,April,2,1
P1728CDM,2022,April,2,2
P1730CDM,2022,April,2,1
P1733CDM,2022,April,2,1
P1734CDM,2022,April,2,3
P1737CDM,2022,April,2,1
P1744CDM,2022,April,2,1
P1760CDM,2022,April,2,1
P1790CDM,2022,April,2,1
P1802CDM,2022,April,2,1
P1805CDM,2022,April,2,1
P1806CDM,2022,April,2,2
P1808CDM,2022,April,2,2
P1814CDM,2022,April,2,2
P1815CDM,2022,April,2,8
P1829CDM,2022,April,2,8
P1833CDM,2022,April,2,1
P1843CDM,2022,April,2,3
P1844CDM,2022,April,2,2
P1846CDM,2022,April,2,1
P1847CDM,2022,April,2,3
P1848CDM,2022,April,2,23
P1855CDM,2022,April,2,2
P1857CDM,2022,April,2,9
P1878CDM,2022,April,2,5
P1886CDM,2022,April,2,3
P1912CDM,2022,April,2,3
P1913CDM,2022,April,2,6
P1916CDM,2022,April,2,9
P1917CDM,2022,April,2,2
P1934CDM,2022,April,2,1
P1971CDM,2022,April,2,14
P2042CDM,2022,April,2,1
P2045CDM,2022,April,2,1
P2057CDM,2022,April,2,5
P2076CDM,2022,April,2,2
P2087CDM,2022,April,2,3
P2094CDM,2022,April,2,3
P2170CDM,2022,April,2,1
P273CDM,2022,April,2,1
P340CDM,2022,April,2,4
P383CDM,2022,April,2,3
P536CDM,2022,April,2,17
P600CDM,2022,April,2,1
P619CDM,2022,April,2,1
P623CDM,2022,April,2,1
P627CDM,2022,April,2,2
P650CDM,2022,April,2,1
P665CDM,2022,April,2,1
P679CDM,2022,April,2,1
P683CDM,2022,April,2,4
P696CDM,2022,April,2,1
P699CDM,2022,April,2,1
P700CDM,2022,April,2,1
P702CDM,2022,April,2,3
P726CDM,2022,April,2,1
P749CDM,2022,April,2,1
P750CDM,2022,April,2,1
P768CDM,2022,April,2,2
P771CDM,2022,April,2,1
P791CDM,2022,April,2,1
P793CDM,2022,April,2,1
P804CDM,2022,April,2,2
P805CDM,2022,April,2,1
P813CDM,2022,April,2,4
P815CDM,2022,April,2,12
P819CDM,2022,April,2,1
P822CDM,2022,April,2,2
P840FCDM,2022,April,2,1
P855CDM,2022,April,2,1
P864CDM,2022,April,2,1
P868CDM,2022,April,2,3
P883CDM,2022,April,2,5
P886CDM,2022,April,2,1
P888CDM,2022,April,2,1
P898CDM,2022,April,2,6
P905CDM,2022,April,2,20
P906CDM,2022,April,2,2
P913CDM,2022,April,2,3
P914CDM,2022,April,2,8
P918CDM,2022,April,2,1
P922CDM,2022,April,2,1
P923CDM,2022,April,2,3
P945CDM,2022,April,2,1
P946CDM,2022,April,2,3
P956CDM,2022,April,2,2
P965CDM,2022,April,2,3
P976CDM,2022,April,2,1
P981CDM,2022,April,2,1
P995CDM,2022,April,2,2
P996CDM,2022,April,2,1
P999CDM,2022,April,2,2
P1001CDM,2022,April,1,1
P1012CDM,2022,April,1,1
P1033CDM,2022,April,1,3
P1037CDM,2022,April,1,4
P1040CDM,2022,April,1,1
P1041CDM,2022,April,1,1
P1042CDM,2022,April,1,1
P1044CDM,2022,April,1,13
P1047BCDM,2022,April,1,2
P1056CDM,2022,April,1,2
P1057CDM,2022,April,1,2
P1074CDM,2022,April,1,1
P1078CDM,2022,April,1,6
P1080CDM,2022,April,1,1
P1083CDM,2022,April,1,1
P1084CDM,2022,April,1,13
P1086CDM,2022,April,1,3
P1088CDM,2022,April,1,1
P1095CDM,2022,April,1,12
P1099CDM,2022,April,1,1
P1103CDM,2022,April,1,5
P1107CDM,2022,April,1,4
P1108CDM,2022,April,1,3
P1113CDM,2022,April,1,2
P1114CDM,2022,April,1,3
P1159CDM,2022,April,1,5
P1160CDM,2022,April,1,4
P1161CDM,2022,April,1,4
P1169CDM,2022,April,1,1
P1178CDM,2022,April,1,2
P1179CDM,2022,April,1,1
P1180CDM,2022,April,1,1
P1192CDM,2022,April,1,4
P1204CDM,2022,April,1,1
P1210CDM,2022,April,1,5
P1211CDM,2022,April,1,2
P1258CDM,2022,April,1,3
P1259CDM,2022,April,1,1
P1260CDM,2022,April,1,1
P1264CDM,2022,April,1,1
P1273CDM,2022,April,1,3
P1274CDM,2022,April,1,3
P1275CDM,2022,April,1,2
P1293CDM,2022,April,1,5
P1294CDM,2022,April,1,1
P1296CDM,2022,April,1,1
P1301CDM,2022,April,1,1
P1302CDM,2022,April,1,1
P1324CDM,2022,April,1,2
P1325CDM,2022,April,1,2
P1341CDM,2022,April,1,1
P1342CDM,2022,April,1,1
P1361CDM,2022,April,1,1
P1362CDM,2022,April,1,1
P1363CDM,2022,April,1,13
P1374CDM,2022,April,1,1
P1378CDM,2022,April,1,1
P1391CDM,2022,April,1,1
P1396CDM,2022,April,1,1
P1401CDM,2022,April,1,1
P1402CDM,2022,April,1,1
P1421CDM,2022,April,1,6
P1423CDM,2022,April,1,5
P1430CDM,2022,April,1,1
P1444CDM,2022,April,1,1
P1451CDM,2022,April,1,1
P1454CDM,2022,April,1,1
P1455CDM,2022,April,1,1
P1456CDM,2022,April,1,1
P1463CDM,2022,April,1,1
P1467CDM,2022,April,1,1
P1468CDM,2022,April,1,1
P1473CDM,2022,April,1,1
P1506CDM,2022,April,1,7
P1508CDM,2022,April,1,1
P1521CDM,2022,April,1,5
P1578CDM,2022,April,1,5
P1584CDM,2022,April,1,4
P1585CDM,2022,April,1,3
P1589CDM,2022,April,1,2
P1592CDM,2022,April,1,2
P1596CDM,2022,April,1,2
P1602CDM,2022,April,1,5
P1611CDM,2022,April,1,1
P1623CDM,2022,April,1,3
P1624CDM,2022,April,1,1
P1632CDM,2022,April,1,9
P1649CDM,2022,April,1,1
P1650CDM,2022,April,1,2
P1654CDM,2022,April,1,1
P1668CDM,2022,April,1,5
P1679CDM,2022,April,1,2
P1707CDM,2022,April,1,7
P1719CDM,2022,April,1,4
P1734CDM,2022,April,1,1
P1737CDM,2022,April,1,9
P1759CDM,2022,April,1,1
P1760CDM,2022,April,1,3
P1761CDM,2022,April,1,1
P1762CDM,2022,April,1,1
P1774CDM,2022,April,1,1
P1775CDM,2022,April,1,1
P1779CDM,2022,April,1,2
P1790CDM,2022,April,1,2
P1806CDM,2022,April,1,1
P1808CDM,2022,April,1,4
P1815CDM,2022,April,1,4
P1827CDM,2022,April,1,2
P1829CDM,2022,April,1,5
P1833CDM,2022,April,1,7
P1844CDM,2022,April,1,1
P1846CDM,2022,April,1,1
P1847CDM,2022,April,1,2
P1848CDM,2022,April,1,25
P1855CDM,2022,April,1,4
P1857CDM,2022,April,1,6
P1878CDM,2022,April,1,4
P1892CDM,2022,April,1,1
P1912CDM,2022,April,1,2
P1913CDM,2022,April,1,1
P1916CDM,2022,April,1,11
P1917CDM,2022,April,1,2
P1954CDM,2022,April,1,1
P1965CDM,2022,April,1,1
P1971CDM,2022,April,1,12
P2057CDM,2022,April,1,10
P2076CDM,2022,April,1,2
P2087CDM,2022,April,1,4
P2089CDM,2022,April,1,1
P2094CDM,2022,April,1,5
P2100CDM,2022,April,1,1
P2174CDM,2022,April,1,1
P2188CDM,2022,April,1,2
P323CDM,2022,April,1,1
P340CDM,2022,April,1,6
P383CDM,2022,April,1,1
P477CDM,2022,April,1,3
P506CDM,2022,April,1,1
P536CDM,2022,April,1,13
P598CDM,2022,April,1,4
P666CDM,2022,April,1,3
P667BCDM,2022,April,1,1
P683CDM,2022,April,1,1
P700CDM,2022,April,1,2
P702CDM,2022,April,1,2
P726CDM,2022,April,1,1
P729CDM,2022,April,1,1
P768CDM,2022,April,1,3
P781CDM,2022,April,1,1
P784CDM,2022,April,1,1
P785CDM,2022,April,1,2
P793CDM,2022,April,1,1
P798CDM,2022,April,1,1
P813CDM,2022,April,1,1
P815CDM,2022,April,1,5
P841CDM,2022,April,1,1
P855CDM,2022,April,1,1
P865CDM,2022,April,1,2
P868CDM,2022,April,1,3
P882CDM,2022,April,1,1
P883CDM,2022,April,1,1
P888CDM,2022,April,1,3
P898CDM,2022,April,1,12
P905CDM,2022,April,1,15
P906CDM,2022,April,1,1
P914CDM,2022,April,1,10
P923CDM,2022,April,1,2
P931CDM,2022,April,1,1
P946CDM,2022,April,1,1
P948CDM,2022,April,1,1
P954CDM,2022,April,1,2
P956CDM,2022,April,1,1
P961CDM,2022,April,1,1
P974CDM,2022,April,1,1
P975CDM,2022,April,1,1
P976CDM,2022,April,1,1
P986CDM,2022,April,1,1
P995CDM,2022,April,1,1
P999CDM,2022,April,1,1
